ID,Cat,Type,Question Text (نص السؤال),Option 1,Option 2,Option 3,Correct Answer,Correct Answer Index,Sign Path
1,G,Safety,عند دخولك في نفق أثناء القيادة نهارًا، عليك,تشغيل الإضاءة المنخفضة (أضواء التلاقي) وزيادة السرعة,تشغيل الإضاءة المنخفضة (أضواء التلاقي) وتخفيف السرعة,إستعمال الزمور,تشغيل الإضاءة المنخفضة (أضواء التلاقي) وتخفيف السرعة,2,
2,G,Safety,عند قيادتك لمركبة أثناء الليل خلف مركبة أخرى عليك,تشغيل الإضاءة المنخفضة (أضواء التلاقي),استعمال اضواء الطريق (الاضاءة العالية),عدم استعمال الضوء,تشغيل الإضاءة المنخفضة (أضواء التلاقي),1,
3,G,Safety,في حال ظهور مركبة من الجهة المعاكسة أثناء استعمالك للاضاءة العالية ليلاً عليك,الإنتقال إلى ضوء التلاقي,إطفاء الضوء نهائيا,تقطيع الضوء بتبديله بين ضوء الطريق وضوء التلاقي,الإنتقال إلى ضوء التلاقي,1,
4,G,Safety,عند تعبئة خزان مركبتك بالوقود، عليك,أن تبقي المحرك شغالاً,ألا تهتم لأن هذا الأمر لا ينطوي على أي خطر، متابعة سيرك بانتباه,أن تطفئ محرك المركبة,أن تطفئ محرك المركبة,3,
5,G,Law,عندما تتحوّل الاشارة من اللون الاخضر الى اللون الاصفر لحظة عبور مركبتك للتقاطع عليك,التوقف فورا وسط التقاطع,متابعة سيرك بانتباه,تركيز نظرك على الاشارة,متابعة سيرك بانتباه,2,
6,G,Safety,عند شعورك بالنعاس الشديد أثناء القيادة عليك,أن تتناول الأدوية المنشطة ومتابعة السير,ألا تهتم للأمر لأن النعاس سيزول سريعا,أن تتوقف فورًا في مكان آمن لتأخذ قسطا من الراحة,أن تتوقف فورًا في مكان آمن لتأخذ قسطا من الراحة,3,
7,G,Law,عند اقترابك من تقاطع معين يوجد فيه شرطي يقوم بتنظيم السير، ويوجد إشارة مرور ضوئية وإشارة سير ثابتة عليك الالتزام,بتعليمات شرطي السير,بالاشارة الضوئية فقط,بإشارة السير الثابتة فقط,بتعليمات شرطي السير,1,
8,BC,Safety,فور جلوس السائق خلف المقود عليه أولاً أن:,يربط حزام الأمان، ثم يعدل المرايا، ثم يعدل المقعد بهذا الترتيب,يربط حزام الأمان، ثم يعدل المقعد، ثم يعدل المرايا بهذا الترتيب,يعدل المقعد، ثم يعدل المرايا، ثم يربط حزام الأمان بهذا الترتيب,يعدل المقعد، ثم يعدل المرايا، ثم يربط حزام الأمان بهذا الترتيب,3,
9,G,Safety,في كل يوم وقبل الانطلاق بالمركبة او الدراجة لأول مرة على السائق أن,يقوم بفحص روتيني لمختلف أنظمة المركبة,لا يقوم بأي فحص طالما أن المحرك يعمل,يستمع إلى نشرة الأحوال الجوية,يقوم بفحص روتيني لمختلف أنظمة المركبة,1,
10,G,Safety,لا بأس على السائق أثناء القيادة اذا :,قرأ الصحيفة,استعمل الهاتف,استمع الى الراديو بصوت منخفض,استمع الى الراديو بصوت منخفض,3,
11,BC,Safety,على السائق والركاب أن يربطوا حزام الأمان,قبل تشغيل المحرك,قبل الإنطلاق,ضمن دقيقة من الإنطلاق,قبل تشغيل المحرك,1,
12,BC,Safety,الهدف من مسند الرأس الموجود أعلى المقعد هو,إراحة الرأس أثناء الرحلة,منع انكسار الرقبة أو العنق من الخلف اذا تعرضت المركبة لصدمة,استعماله كوسادة للنوم ليلاً في الرحلات الطويلة,منع انكسار الرقبة أو العنق من الخلف اذا تعرضت المركبة لصدمة,2,
13,G,Safety,تقل مقدرة السائق على التركيز اثناء القيادة بسبب,تمتعه بالحيوية والنشاط,الإرهاق والنعاس,القيادة داخل المدينة,الإرهاق والنعاس,2,
14,G,Safety,استخدام الهاتف الخلوي اثناء القيادة يؤثر على قيادة السائق بشكل,إيجابي,سلبي,سلبي وإيجابي معا,سلبي,2,
15,G,Safety,النصيحة الأولى للسائق المحتسي للكحول هي:,أن يقود على سرعة منخفضة,ألا يقود حتى ينتهي مفعول الكحول,ألا يبالي للأمر,ألا يقود حتى ينتهي مفعول الكحول,2,
16,G,Safety,إن القيادة تحت تأثير الأدوية المنومة تكون,اقل تعبا,غير خطيرة,خطيرة,خطيرة,3,
17,G,Safety,اذا علقت دواسة الوقود أثناء القيادة، عليك فورا أن,تشد فرامل اليد,تصغر ترس السرعة,تضع الترس على الحيادي وتطفئ المحرك وتتوقف على جانب الطريق,تضع الترس على الحيادي وتطفئ المحرك وتتوقف على جانب الطريق,3,
18,BC,Safety,اذا انفتح غطاء المحرك فجأة أثناء سير المركبة، عليك فورًا أن,تزيد سرعتك قليلاً,تخفف السرعة تدريجيا وتوقف المركبة الى جانب الطريق,تضغط على الفرامل بشدة,تخفف السرعة تدريجيا وتوقف المركبة الى جانب الطريق,2,
19,G,Safety,في حال المطر الشديد، وحتى يتفادى السائق الماهر التأخير، يجب عليه أن يبدأ رحلته,في وقت أبكر من المعتاد,في وقت متأخر عن المعتاد,متفائلا بالخير,في وقت أبكر من المعتاد,1,
20,G,Safety,قبل أن يصعد السائق إلى مركبته عليه أولاً أن,يتأكد أن لديه وقت كاف,ينظر تحت المركبة ويدور حولها,يربط حزام الأمان,ينظر تحت المركبة ويدور حولها,2,
21,G,Safety,يجب على سائق المركبة، أثناء القيادة على طرقات مزدحمة، أن يأخذ لمحة سريعة على المرايا مرة كل,45 ثانية,30 ثانية,4 إلى 8 ثواني,4 إلى 8 ثواني,3,
22,G,Safety,إذا اراد السائق أن ينعطف بمركبته إلى جهة اليمين عليه قبل الانعطاف أن ينظر في,المرآة اليسرى فقط,المرآة اليمنى فقط,كل المرايا وخاصة في المرآة اليمنى والبقعة العمياء,كل المرايا وخاصة في المرآة اليمنى والبقعة العمياء,3,
23,G,Safety,الخطر الأكبر الذي تشكله المركبات المتوقفة الى جانب الرصيف الأيمن على السائق المار بقربها هو :,خروج المشاة وخاصة الأطفال من بين تلك المركبات المتوقفة,رمي النفايات منها,ارتفاع صوت الراديو منها,خروج المشاة وخاصة الأطفال من بين تلك المركبات المتوقفة,1,
24,G,Safety,الخطر الذي تشكله المركبات المتوقفة الى جانب الرصيف الأيمن على السائق المار بقربها هو,إصدارها صوت جهاز انذار السرقة,فتح صندوق الأمتعة,احتمال انطلاق إحداها ودخولها السير فجأة,احتمال انطلاق إحداها ودخولها السير فجأة,3,
25,G,Safety,كسائق إحترازي عليك أن :,تأخذ أفضليتك بالمرور عنوة لأنها من حقك,تتنازل عن أفضليتك بالمرور منعا للحادث,لا تتنازل عن أفضليتك بالمرور,تتنازل عن أفضليتك بالمرور منعا للحادث,2,
26,G,Safety,أثناء القيادة، وقبل استعمالك للفرامل، عليك أولا أن تنظر,في المرايا وخاصة في المرآة الداخلية,إلى يمينك,إلى يسارك,في المرايا وخاصة في المرآة الداخلية,1,
27,BC,safety,إن نظام منع إنغلاق الفرامل (ABS) في المركبات الحديثة في حالة الفرملة الشديدة,ليس من الطبيعي أن يصدر ضوضاء وأن يسبب ارتجاجا في دواسة الفرامل,من الطبيعي أن يصدر ضوضاء وأن يسبب ارتجاجا في دواسة الفرامل,من الطبيعي أن يسبب ارتجاجا في دواسة الفرامل فقط,من الطبيعي أن يصدر ضوضاء وأن يسبب ارتجاجا في دواسة الفرامل,2,
28,BC,Safety,من حسنات نظام منع انغلاق الفرامل (ABS) في المركبات الحديثة، في حالة الفرملة الشديدة، أنه :,يمنع انغلاق الفرامل، ويمكن السائق من توجيه المركبة,يمنع انغلاق الفرامل فقط,لا يمنع انغلاق الفرامل، ولا يمكن السائق من توجيه المركبة,يمنع انغلاق الفرامل، ويمكن السائق من توجيه المركبة,1,
29,G,Safety,عند تعرض مركبتك للإنزلاق، عليك، وبسرعة بديهة، أن,تضغط الفرامل وتوجه مركبتك بعكس اتجاه مؤخرتها,ترفع قدمك عن دواسة الوقود ولا تضغط على الفرامل، وأن توجه المركبة الى الجهة التي تنزلق بها,تزيد السرعة,ترفع قدمك عن دواسة الوقود ولا تضغط على الفرامل، وأن توجه المركبة الى الجهة التي تنزلق بها,2,
30,G,Safety,إن تركك لمسافة أمان بين مركبتك والمركبة التي أمامك مباشرة اثناء السير يمكنك من,تفادي اصطدامك بها في حال توقفت فجأة,التمتع بالمناظر الخلابة حولك,قراءة لوحة تسجيل تلك المركبة,تفادي اصطدامك بها في حال توقفت فجأة,1,
31,G,Law,لحظة انطلاق المركبة التي أمامك مباشرة عند تحول ضوء اشارة المرور من اللون الاحمر إلى اللون الاخضر عليك أن :,تنطلق فورًا بمركبتك خلفها وبسرعة,تزمر,تتأكد من خلو الطريق ثم تنطلق بمركبتك,تتأكد من خلو الطريق ثم تنطلق بمركبتك,3,
32,G,Law,عندما تقترب بمركبتك من إشارة مرور ضوئية تصدر ضوء واحد اصفر متقطع، يجب عليك أن,تعطي الأفضلية,تتوقف,تربط حزام الأمام,تعطي الأفضلية,1,
33,G,Law,إن وضع حزام الأمان,ضروري لجميع ركاب السيارة,ضروري للراكبين الأماميين فقط,غير ضروري بالمطلق,ضروري لجميع ركاب السيارة,1,
34,G,Safety,في حال حصول تعطل فجائي في السيارة وأنت تسير بها على الطريق العام، عليك أن,تغادر الطريق العام عند أقرب مسافة,توقف السيارة فورًا حيث أنت,تتابع السير إلى المكان الذي تقصد,توقف السيارة فورًا حيث أنت,2,
35,G,Safety,يحب على السائق أن يمسك بالمقود,بيد واحدة,بكلتا اليدين,بأصابع اليدين,بكلتا اليدين,2,
36,C,Law,لا يجوز أن يزيد عدد الركاب في الشاحنة المحملة عن,شخص واحد,العدد المحدد في الرخصة,لا يحق لها نقل أي شخص,العدد المحدد في الرخصة,2,
37,C,Safety,عند ربط القاطرة بالمقطورة، على السائق أن يتأكد من أن:,مكابح المقطورة مشدودة وأرجلها تلامس الأرض,مكابح المقطورة غير مشدودة وأرجلها تلامس الأرض,المقطورة تلامس الأرض على رجل واحدة,مكابح المقطورة مشدودة وأرجلها تلامس الأرض,1,
38,C,Safety,بعد ربط القاطرة بالمقطورة على السائق أن ينتبه إلى أن,خطوط الهواء والأسلاك الكهربائية موصولة بشكل جيد,خطوط الهواء فقط موصولة بشكل جيد,الأسلاك الكهربائية فقط موصولة بشكل جيد,خطوط الهواء والأسلاك الكهربائية موصولة بشكل جيد,1,
39,C,Safety,عند الشروع بربط القاطرة بالمقطورة على السائق أن,يرجع القاطرة ببطء فوق المقطورة,يرجع القاطرة بسرعة تحت المقطورة,يرجع القاطرة ببطء تحت المقطورة,يرجع القاطرة ببطء تحت المقطورة,3,
40,C,Safety,عند فصل القاطرة عن المقطورة على السائق أن يختار مكانًا,مسطحا وليناً.,منحدرا وصلبا.,منحدرا ولينا.,مسطحا وليناً.,1,
41,C,Safety,عند فصل القاطرة عن المقطورة على السائق أن:,يشد فرامل المقطورة وينزل أرجلها الى اقصى حد,لا يشد فرامل المقطورة وينزل ارجلها الى اقصى حد,يشد فرامل المقطورة ولا ينزل أرجلها الى اقصى حد,يشد فرامل المقطورة وينزل أرجلها الى اقصى حد,1,
42,C,Safety,لسائق المركبة الثقيلة بقع عمياء حول مركبته وعددها,أربع بقع عمياء على الأقل,ثماني بقع عمياء على الأقل,ثلاث بقع عمياء,أربع بقع عمياء على الأقل,1,
43,C,Safety,على سائق المركبة الثقيلة أن ينتبه الى ارتفاع مركبته خاصة,عندما يقود على طرقات مفتوحة,عند مروره تحت جسر أو دخوله في نفق,عند مروره فوق جسر,عند مروره تحت جسر أو دخوله في نفق,2,
44,C,Safety,على كل سائق مركبة ثقيلة أن ينتبه الى عرض مركبته خاصة,عند تجاوزه لمركبة أخرى,عند قيادته في الطرق المفتوحة,عند أخذه قسطا من الراحة,عند تجاوزه لمركبة أخرى,1,
45,C,Safety,على سائق المركبة الثقيلة أن,يرجع إلى الخلف في الأماكن المكتظة,يرجع إلى الخلف بعد التقاطع مباشرة,يتفادى الرجوع الى الخلف في الأماكن المكتظة,يتفادى الرجوع الى الخلف في الأماكن المكتظة,3,
46,C,Safety,التعامل مع المركبات الثقيلة يختلف عنه مع المركبات الصغيرة، فعند انعطاف سائق المركبة الثقيلة الى اليمين,لا يجب ترك مسافة كافية الجهة اليمين,يجب ترك مسافة كافية في الأمام,يجب ترك مسافة كافية لجهة اليمين,يجب ترك مسافة كافية لجهة اليمين,3,
47,C,Safety,حين تقود مركبتك الثقيلة في منعطف يسار وكي تتفادى عبور عجلاتك اليسرى الخلفية لخط وسط الطريق، عليك أن,تأخذ أقصى يسارك خلال المنعطف,تأخذ يمينك قليلا خلال المنعطف,تزيد سرعتك خلال المنعطف,تأخذ يمينك قليلا خلال المنعطف,2,
48,C,Safety,حين تقود مركبتك الثقيلة في منعطف يمين وكي تتفادى نزول عجلاتك اليمنى الخلفية عن حافة الطريق، عليك أن,تأخذ أقصى يمينك خلال المنعطف,تزيد سرعتك خلال المنعطف,تقود مركبتك في وسط مسريك,تقود مركبتك في وسط مسريك,3,
49,C,Safety,عند اقترابك من رأس مرتفع للطريق، عليك أن تتوقع خلف القمة,وجود عقبات,عدم وجود عقبات,طريق مستقيم,وجود عقبات,1,
50,G,Safety,للسيطرة على مركبتك وأنت تقودها على المنحدرات، يجب عليك أن تعتمد بشكل اساسي على استعمال,الفرامل,فرامل اليد,ترس منخفض,ترس منخفض,3,
51,G,Safety,استعمال المكابح الرئيسية في المركبة بشكل متواصل على منحدر طويل يبطل مفعول المكابح بسبب,إزدياد حرارتها,ضغط سائل الكبح,قوة المنحدر,إزدياد حرارتها,1,
52,C,Safety,إذا دخلت منحدرا طويلا بمركبتك الثقيلة وتأخرت بالانتقال الى ترس سرعة منخفض وأصبحت سرعتك عالية فسوف,يصبح من السهل عليك الانتقال الى ترس سرعة منخفض,يصبح من المستحيل الانتقال الى ترس سرعة منخفض للسيطرة على المركبة,يصبح بإمكانك تجاوز المركبات بالجملة وبشكل آمن,يصبح من المستحيل الانتقال الى ترس سرعة منخفض للسيطرة على المركبة,2,
53,C,Safety,عند قيادتك لمركبتك الثقيلة صعودا متواصلا يجب عليك,تجنب اجهاد المحرك,التزام الجهة اليسرى,عدم السماح للمركبات الصغيرة بتجاوزك,تجنب اجهاد المحرك,1,
54,C,Safety,عند قيادتك لمركبتك الثقيلة صعودا متواصلا عليك,التحقق من كمية الوقود بشكل مستمر,التزام اقصى اليسار قدر المستطاع,التزام اقصى اليمين قدر المستطاع,التزام اقصى اليمين قدر المستطاع,3,
55,C,Safety,اذا كنت تريد أن تتجاوز بمركبتك الثقيلة مركبة اخرى صعودًا وكان ذلك سيستغرق وقتا طويلا فعليك أن,تصر على القيام بهذا التجاوز,تزيد من سرعتك فوق الحد المسموح,تصرف النظر عن هذا التجاوز,تصرف النظر عن هذا التجاوز,3,
56,C,Safety,قيادة المركبة الثقيلة على طريق وعرة تحتم عليك أن,تزيد من سرعتك قليلا,تكون حذرا وأن تخطط للطريق مسبقا,تركز اهتمامك الى الخلف,تكون حذرا وأن تخطط للطريق مسبقا,2,
57,G,Safety,التواصل عن طريق التقاء النظر بين السائقين عند التقاطع,يساعد على حل الالتباس المروري بين السائقين,هو من نواع التنبه,هو امر محظر على السائقين,يساعد على حل الالتباس المروري بين السائقين,1,
58,G,Safety,لمنع الحوادث يقع على سائق المركبة أن يتفادى قدر استطاعته,الرجوع بمركبته الى الخلف,التوقف التدريجي,غسل مركبته على الطريق,الرجوع بمركبته الى الخلف,1,
59,G,Safety,يلزمك القانون بإعطاء الافضلية,للمركبات المسرعة,للحافلات المدرسية المستخدمة لأنوار التحذير.,للمركبات المبطئة,للحافلات المدرسية المستخدمة لأنوار التحذير.,2,
60,G,Law,يلزم القانون مجمل السائقين باعطاء الافضلية للمركبات,الموجودة داخل المستديرة,الداخلة الى المستديرة,الموجودة الى يمين المركبة,الموجودة داخل المستديرة,1,
61,G,Law,القانون يسمح بتركين المركبة (ايقافها وتركها) بشكل مواز للرصيف على طريق ذو مسلكين متعاكسين,على يمين اتجاه سير المركبة,لا تهتم الجهة طالما أنها لا تعيق حركة السير,على يسار الطريق,على يمين اتجاه سير المركبة,1,
62,G,Safety,إسراف سائق المركبة في الطعام,يمكنه من القيادة بشكل أسلم,يسبب له البلادة وصعوبة في اتخاذ القرارات الصائبة خلال القيادة,يمكنه من القيادة على سرعات عالية جدا,يسبب له البلادة وصعوبة في اتخاذ القرارات الصائبة خلال القيادة,2,
63,G,Safety,قلة النوم لسائق المركبة,تساعده على تحسين ردة فعله,تبطئ ردات فعله أثناء القيادة وتسبب له فقدان طفيف للذاكرة,تساعده على الإنتباه,تبطئ ردات فعله أثناء القيادة وتسبب له فقدان طفيف للذاكرة,2,
64,G,Safety,خلال الرحلات الطويلة، على سائق المركبة أن يتوقف للراحة كل :,10 ساعات,8 ساعات,4 ساعات,4 ساعات,3,
65,G,Safety,خلال الرحلات الطويلة، من الأفضل لسائق المركبة أن يتوقف للراحة كل :,250 كلم,750 كلم,900 كلم,250 كلم,1,
66,G,Safety,تأثير الكحول على سائق المركبة أثناء القيادة,يمكن أن يكون قاتلا للسائقين وللآخرين,يشكل خطرا على الآخرين فقط,يشكل خطرا على السائق,يمكن أن يكون قاتلا للسائقين وللآخرين,1,
67,G,Safety,خلال الرحلات الطويلة، على سائق المركبة أن,يتناول عقاقير اليقظة باستمرار,يستمر بالقيادة دون التوقف للاستراحة,يتجنب عقاقير اليقظة كليا,يتجنب عقاقير اليقظة كليا,3,
68,G,Safety,أفضل وسيلة ليعرف السائق مدى تأثير الدواء الطبي على القيادة هي أن,يسأل أحد السائقين المجربين,يسأل الطبيب المعالج او الصيدلي,يجربه على سائق اخر,يسأل الطبيب المعالج او الصيدلي,2,
69,G,Safety,تناول الكحول أو المخدرات اثناء القيادة يولد لدى السائق شعورًا زائفا,بالخوف,بالشجاعة والإقدام,بالغضب,بالشجاعة والإقدام,2,
70,G,Safety,عندما تريد أن تتجاوز بمركبتك مركبة أخرى عليك أن:,تتبع ارشادات سائق هذه المركبة لك بواسطة اشاراته الضوئية,لا تعتمد أبدا على ارشادات سائق هذه المركبة,تتبع ارشادات سائق المركبة التي خلفك مباشرة,لا تعتمد أبدا على ارشادات سائق هذه المركبة,2,
71,C,Safety,على كل سائق مركبة ثقيلة أن ينتبه الى عرض مركبته خاصة,عند دخوله في مكان ضيق,عند أخذه قسطا من الراحة,عند تحميل المركبة,عند دخوله في مكان ضيق,1,
72,C,Safety,إذا أراد سائق المركبة الثقيلة أن يرجع الى الخلف عليه أن,يرجع في الأماكن المكتظة,يرجع داخل النفق,يطلب المساعدة من شخص اخر,يطلب المساعدة من شخص اخر,3,
73,C,Safety,بعد ملء الصهريج بالحمولة على سائقه أن يتأكد من أن,كل أغطية الخزانات وصمامات الإفراغ مغلقة بإحكام,أغطية الخزانات مغلقة بإحكام,صمامات الإفراغ مغلقة بإحكام,كل أغطية الخزانات وصمامات الإفراغ مغلقة بإحكام,1,
74,A,Safety,تتأمن الحماية الحقيقة لسائق الدراجة النارية عن طريق,ارتدائه للملابس الخاصة براكبي الدراجات النارية,القيادة على الإطار الخلفي فقط,تأكد من وجود تأمين على الدراجة,ارتدائه للملابس الخاصة براكبي الدراجات النارية,1,
75,A,Safety,البدلات الواقية الجلدية الخاصة براكبي الدراجات النارية لها قدرة على مقاومة,القيادة السريعة بين المركبات,الاحتكاك بالحصى والاسفلت عند السقوط,الحريق,الاحتكاك بالحصى والاسفلت عند السقوط,2,
76,A,Safety,ارتداء سائق الدراجة النارية للقفازات الخاصة بالدراجات النارية يؤمن له :,حماية الرأس عند السقوط,حماية اليدين من الاصابة ومن البرد,حماية القدمين عند السقوط,حماية اليدين من الاصابة ومن البرد,2,
77,A,Safety,انتعال راكب الدراجة النارية للحذاء الخاص براكبي الدراجات النارية يؤمن له حماية,الركبة والفخذ من الماء البرد,الأرجل من الغبار,القدمين والقصبة من الإصابة، ومن الماء والبرد,القدمين والقصبة من الإصابة، ومن الماء والبرد,3,
78,A,Safety,ارتداء سائق الدراجة النارية لواقي العمود الفقري الخاص براكبي الدراجات النارية، يؤمن له حماية,الصدر والبطن من الحر والبرد,العمود الفقري والنخاع الشوكي، من المطر,العمود الفقري والنخاع الشوكي، من الاصابة,العمود الفقري والنخاع الشوكي، من الاصابة,3,
79,A,Safety,ارتداء سائق الدراجة النارية للنظارات الواقية الخاصة براكبي الدراجات النارية، يؤمن له حماية,الأذنين من البرد,العينين من الريح والرمال والأمطار والحشرات,العينين من ذرف الدموع,العينين من الريح والرمال والأمطار والحشرات,2,
80,A,Law,الخوذة الواقية الخاصة براكبي الدراجات النارية تؤمن للسائق حماية,حاسة السمع من ضوضاء السير,الرأس من الاصابات القاتلة,العمود الفقري,الرأس من الاصابات القاتلة,2,
81,A,Law,عدم ارتداء سائق الدراجة النارية للخوذة اثناء القيادة، أو ارتداؤه مع ربطها جزئيًا أو عدم ربطها بالمطلق,يُعتبر مخالفة قانونية,يُعتبر تصرفًا قانونيا,يُعتبر عملاً طبيعيًا,يُعتبر مخالفة قانونية,1,
82,A,Law,مجرد حمل الخوذة الخاصة براكبي الدراجات النارية دون ارتدائها وربطها بشكل صحيح اثناء القيادة,يعفي السائق من المسائلة القانونية,لا يعفي السائق من المسائلة القانونية,هو تصرف منطقي من قبل السائق,لا يعفي السائق من المسائلة القانونية,2,
83,A,Safety,أثناء القيادة الليلية، يجب على سائق الدراجة النارية ارتداء :,ملابس عادية داكنة اللون,بدلة فوسفورية خاصة,ملابس رياضية,بدلة فوسفورية خاصة,2,
84,A,Safety,ينصح سائق الدراجة النارية اثناء القيادة، ومن أجل تمكين الآخرين من رؤيته ليلاً، أن,يضع شرائط أو إشارات عاكسة للضوء,يطفئ أنواره ويضع إشارات عاكسة للضوء,يعمل على جعل فرامله تصدر صريرا,يضع شرائط أو إشارات عاكسة للضوء,1,
85,A,safety,إذا كانت الدراجة النارية مجهزة بنظام فراملي هيدروليكي، فيجب دوريا,فحص مستوى زيت الفرامل,التخفيف من استعمال الفرامل,ضبط عيار سلك الفرامل,فحص مستوى زيت الفرامل,1,
86,A,safety,لا يجب أن يقل الحد الأدنى لعمق النقوشات على إطار الدراجة النارية عن,5 مليمتر,3 مليمتر,6 مليمتر,3 مليمتر,2,
87,A,Safety,يجب على سائق الدراجة النارية، ولكي يستطيع توجيه المقود دون صعوبة، أن,يجلس بعيدا عن المقود,يجلس قريبا من المقود,يمسك المقود بيد واحدة,يجلس قريبا من المقود,2,
88,A,Safety,حتى لا تزيد السرعة عن طريق الخطأ اثناء القيادة، عليك أن تمسك قبضة مقود الدراجة النارية بحيث يكون معصم يدك,اليمنى إلى الأعلى,اليسرى إلى الأعلى,اليمني إلى الأسفل,اليمني إلى الأسفل,3,
89,A,Safety,تكون الفرامل ذات فاعلية قصوى عندما يستخدم سائق الدراجة النارية,الفرامل الخلفية فقط,الفرامل الخلفية والأمامية,قدمه بالضغط بها على الإسفلت,الفرامل الخلفية والأمامية,2,
90,A,Safety,لتجنب الإنزلاق عند استخدام فرامل الدراجة النارية، يجب أن تكون هذه الدراجة منطلقة,في منعطف,بسرعة عالية,باتجاه مستقیم,باتجاه مستقیم,3,
91,A,Safety,هناك سببان رئيسيان لانزلاق الدراجة النارية اثناء القيادة وهما,المحرك السريع والمقود المرتفع,سطح الطريق الزلق وردة الفعل العصبية,السرعة البطيئة وترس سرعة منخفض,سطح الطريق الزلق وردة الفعل العصبية,2,
92,A,Safety,عندما تقود دراجتك النارية ليلا عليك أن:,تخفف سرعتك وتترك مسافة توقف أقل,تخفف سرعتك وتترك مسافة توقف أكبر,تزيد سرعتك وتستعمل الضوء المنخفض,تخفف سرعتك وتترك مسافة توقف أكبر,2,
93,A,Safety,عادة ما يكون سبب الردف بالدراجة النارية اثناء السير :,التواء عجلة واحدة أو إطار واحد على الاقل,دوران العجلتان على المحور نفسه,توزيع سيئ للحمولة,التواء عجلة واحدة أو إطار واحد على الاقل,1,
94,A,Safety,من الأسباب المؤدية إلى تدهور الدراجة النارية هي وجود,زيوت وحصى على سطح الطريق,سيارات ومشاة على الطريق,شرطة وإشارات ضوئية على الطريق,زيوت وحصى على سطح الطريق,1,
95,A,Safety,لكي تتفادى الحادث بدراجتك النارية عند التقاطعات يجب عليك أن,تخفف سرعتك وتتخذ المسرب الصحيح,تزيد سرعتك لتعبر بسرعة,تمر عن يمين المركبات المتوقفة على التقاطع,تخفف سرعتك وتتخذ المسرب الصحيح,1,
96,A,Law,يحق لك كدراج أن تتجاوز المركبة التي أمامك,عن جهة يمينها,عن جهة يسارها,عن اي جهة كانت,عن جهة يسارها,2,
97,A,Safety,عندما تتجاوز بدراجتك النارية عن يسار مركبة ما أمامك، عليك الانتباه أن هذه المركبة قد,تخفف سرعتها تدريجيا,تنعطف يسارًا فجأة,تشغل إشارات التحذير,تنعطف يسارًا فجأة,2,
98,A,Safety,عندما تقود دراجتك النارية بشكل مستقيم عليك الانتباه أن المركبة القادمة من الاتجاه المعاكس قد,تنعطف في مسارك فجأة,تتوقف في مسارها فجأة,تنعطف بعيدا عن مسارك,تنعطف في مسارك فجأة,1,
99,A,Safety,عندما تقود دراجتك النارية بشكل متعرج بين المركبات، فإن ذلك,يزيد من احتمال تورطك بحادث,يقلل من احتمال تورطك بحادث,يجعل منك سائقا وقائيا,يزيد من احتمال تورطك بحادث,1,
100,A,Law,عندما تقود دراجتك النارية ذات عادم (اشبمان) مفرغ عمدًا ويصدر صوتا مرتفعًا جدا فإن ذلك :,يشهد بانك ذات افكار خلاقة,يعتبر مخالفة قانونية صريحة,مسموح قانونا,يعتبر مخالفة قانونية صريحة,2,
101,G,ED,ما هي الفوائد البيئية للقيادة الصديقة للبيئة ؟,تخفيض انبعاث ملوثات الهواء المضرة,زيادة انبعاثات الغازات الدفيئة خصوصاً ثاني أكسيد الكربون,الحد من ازدحام السير,تخفيض انبعاث ملوثات الهواء المضرة,1,
102,G,ED,كيف تحافظ القيادة الصديقة للبيئة على سلامة السائق ؟,تحافظ على سلامة الطرق,تعزز مهارات القيادة,كل ما ورد اعلاه,كل ما ورد اعلاه,3,
103,G,ED,كيف تساهم القيادة الصديقة للبيئة في المسؤولية الاجتماعية ؟,تخفف التوتر أثناء القيادة,تؤمن راحة أكبر للسائق والركاب,كل ما ورد اعلاه,كل ما ورد اعلاه,3,
104,G,ED,ما هي الأداة التي تستخدمها لمراقبة السرعة على الطريق السريع ؟,مثبت السرعة,الاقلاع والتوقف بانتظام,الضغط المفاجيء على الفرامل,مثبت السرعة,1,
105,G,ED,ما هي السرعة الأمثل للقيادة الصديقة للبيئة,بين 80 كلم / ساعة و 100 كلم / ساعة,بين 50 كلم / ساعة و 80 كلم / ساعة,بين 40 كلم / ساعة و 50 كلم / ساعة,بين 50 كلم / ساعة و 80 كلم / ساعة,2,
106,G,ED,ما هو الحد الأقصى لمستوى دورات المحرك في الدقيقة الذي لا يجب تجاوزه ؟,3000 دورة في الدقيقة,4000 دورة في الدقيقة,2000 دورة في الدقيقة,2000 دورة في الدقيقة,3,
107,G,ED,ما هي نتيجة تجاوز دورات المحرك معدل 2000 دورة في الدقيقة ؟,ارتفاع في استهلاك الوقود,انخفاض في استهلاك الوقود,ارتفاع في درجة حرارة المحرك,ارتفاع في استهلاك الوقود,1,
108,G,ED,الإقلاع بسرعة والضغط المفاجئ على الفرامل يؤدي إلى:,هدر الوقود,إهتراء سريع للفرامل والإطارات,كل ما ورد أعلاه,كل ما ورد أعلاه,3,
109,G,ED,ما هي نسبة الانخفاض في استهلاك الوقود عند تغيير فلاتر الزيت والنفط بشكل منتظم ؟,1% إلى 2%,1% إلى 3%,2% إلى 3%,1% إلى 2%,1,
110,G,ED,ما هو زيت المحرك الأفضل للبيئة ؟,الزيت الذي يحافظ على الطاقة لإحتوائه على إضافات تخفف الإحتكاك ضمن المحرك,الزيت الذي يحافظ على الطاقة لإحتوائه على إضافات تحافظ على المحرك نظيفا,الزيت الذي يحافظ على الطاقة ذو مصدر نباتي,الزيت الذي يحافظ على الطاقة لإحتوائه على إضافات تخفف الإحتكاك ضمن المحرك,1,
111,G,ED,كيف يمكن إطالة مدة استخدام الإطارات ؟,تغيير الإطارات سنويا,فحص ضغط الإطارات مرة في الشهر على الأقل للحفاظ على مقاومة دحرجة منخفضة,فحص ضغط الإطارات مرة في السنة على الأقل للحفاظ على مقاومة دحرجة منخفضة,فحص ضغط الإطارات مرة في الشهر على الأقل للحفاظ على مقاومة دحرجة منخفضة,2,
112,G,ED,ما هي الفائدة من تنظيف واستبدال فلتر الهواء بشكل دوري ؟,تحسين أداء المحرك بنسبة 6-11%,الحد من تلوث الهواء,كل ما سبق,كل ما سبق,3,
113,G,ED,ماذا يجب أن تفعل عندما تتوقف السيارة عن التحرك لأكثر من دقيقة ؟,إطفاء المحرك,وضع ناقل السرعة (فيتيس على ال (N)),لا شيء,إطفاء المحرك,1,
114,G,ED,كيف يمكن تحسين أداء المحرك وتقليل مستوى الانبعاثات الضارة ؟,تغيير مياه المحرك بانتظام,استخدام وقود نظيف يتوافق مع المعايير الدولية,تبديل المحرك دوريا,استخدام وقود نظيف يتوافق مع المعايير الدولية,2,
115,G,ED,ماذا يجب أن تفعله بعد ملء خزان السيارة بالوقود ؟,التأكد من أن غطاء خزان الوقود مغلق بإحكام,التأكد من أن غطاء خزان الوقود مفتوح وسليم من أي عيوب,التأكد من أن درجة حرارة المحرك مستقرة,التأكد من أن غطاء خزان الوقود مغلق بإحكام,1,
116,G,ED,ما هي فائدة وقوف السيارة في الظل ؟,تخفيف الضغط على مكيفات الهواء عند الإقلاع,خفض استهلاك الوقود,كل ما ورد أعلاه,كل ما ورد أعلاه,3,
117,G,ED,ما هي نسبة زيادة استهلاك الوقود عند الاستعمال الدائم للمكيف ؟,0.1,0.2,0.3,0.3,3,
118,G,ED,أي مما يلي يقلل من استهلاك الوقود؟,القيادة في وقت الذروة,تخفيف حمولة السيارة,القيادة بسرعة متفاوتة وعشوائية,تخفيف حمولة السيارة,2,
119,G,ED,ما هي القيادة الصديقة للبيئة ؟,القيادة الإقتصادية والصديقة للبيئة من خلال إتباع طرق قيادة سهلة، ذكية، ومسؤولة تساهم في خفض استهلاك الوقود وتحد من تلوث الهواء الناجم عن النقل البري,استخدام الوقود بكفاءة في قيادة المركبات من خلال إتباع طرق سهلة، ذكية ومسؤولة تساهم في رفع مستوى الامان خلال اقسام الطرق الصعبة,استخدام الاضاءة بكفاءة في قيادة المركبات من خلال إتباع طرق سهلة، ذكية في استهلاك المياه,القيادة الإقتصادية والصديقة للبيئة من خلال إتباع طرق قيادة سهلة، ذكية، ومسؤولة تساهم في خفض استهلاك الوقود وتحد من تلوث الهواء الناجم عن النقل البري,1,
120,G,Signs,ماذا تعنى هذه الإشارة ؟؟ - C:\DTA\signs\1.jpg,إنتبه طريق منزلق,إنتبه مطبات,إنتبه انخفاضات,إنتبه انخفاضات,3,1.svg
121,G,Signs,ماذا تعني هذه الإشارة ؟؟ - C:\DTA\signs\3.jpg,اتجاه مستديرة,إنتبه منعطف يسار,إنتبه منعطف يمين,إنتبه منعطف يمين,3,3.svg
122,G,Signs,ماذا تعني هذه الإشارة ؟؟ - C:\DTA\signs\4.jpg,اتجاه إختياري إلى اليسار,إنتبه منعطف يسار,إنتبه منعطف يمين,إنتبه منعطف يسار,2,4.svg
123,G,Signs,ماذا تعني هذه الإشارة ؟ ؟ - C:\DTA\signs\5.jpg,إنتبه منطقة سير على خطين,إنتبه منعطفان أولهما يسار,إنتبه منعطفان أولهما يمين,إنتبه منعطفان أولهما يمين,3,5.svg
124,G,Signs,ماذا تعني هذه الإشارة ؟؟ - C:\DTA\signs\6.jpg,إنتبه منطقة سير على خطين,إنتبه منعطفان أولهما يسار,إنتبه منعطفان أولهما يمين,إنتبه منعطفان أولهما يسار,2,6.svg
125,G,Signs,ماذا تعني هذه الإشارة ؟؟ - C:\DTA\signs\10.jpg,إنتبه طريق ضيق,إنتبه منحدر خطر,إنتبه طريق منزلق,إنتبه طريق منزلق,3,10.svg
126,G,Signs,ماذا تعني هذه الإشارة ؟؟ - C:\DTA\signs\11.jpg,ممر غير مؤمن,ممنوع المرور,إنتبه أولاد أو مدرسة,إنتبه أولاد أو مدرسة,3,11.svg
127,G,Signs,ماذا تعني هذه الإشارة ؟؟ - C:\DTA\signs\13.jpg,حيوانات متشردة,ممنوع للحيوانات,إنتبه حيوانات,إنتبه حيوانات,3,13.svg
128,G,Signs,ماذا تعني هذه الإشارة ؟؟ - C:\DTA\signs\14.jpg,إنتبه منطقة سير على اليمين,إنتبه تقاطع مع طرقات بدون أفضلية,إنتبه منطقة سير على خطين,إنتبه تقاطع مع طرقات بدون أفضلية,2,14.svg
129,G,Signs,ماذا تعني هذه الإشارة ؟؟ - C:\DTA\signs\15.jpg,إنتبه أخطار متنوعة,ممنوع الإلتفاف,إنتبه مستديرة,إنتبه مستديرة,3,15.svg
130,G,Signs,ماذا تعني هذه الإشارة ؟؟ - C:\DTA\signs\17.jpg,إنتبه تقاطع مع طرقات بدون أفضلية,إنتبه أفضلية المرور للسيارات المتجهة من الجهة المقابلة,إنتبه تقاطع,إنتبه تقاطع,3,17.svg
131,G,Signs,ماذا تعني هذه الإشارة ؟؟ - C:\DTA\signs\18.jpg,التقاء مع طريق سريع,إنتبه تقاطع مع طرقات بدون أفضلية,إنتبه أفضلية المرور للسيارات المتجهة من الجهة المقابلة,إنتبه أفضلية المرور للسيارات المتجهة من الجهة المقابلة,3,18.svg
132,G,Signs,ماذا تعني هذه الإشارة ؟؟ - C:\DTA\signs\19.jpg,إنتبه تقاطع على اليمين,إنتبه تقاطع مع طرقات بدون أفضلية,إنتبه أفضلية المرور للسيارات المتجهة من الجهة المقابلة,إنتبه تقاطع مع طرقات بدون أفضلية,2,19.svg
133,G,Signs,ماذا تعني هذه الإشارة ؟؟ - C:\DTA\signs\24.jpg,موقف لحظة,نهاية تحديد السرعة,طريق أفضلية,طريق أفضلية,3,24.svg
134,G,Signs,ماذا تعني هذه الإشارة ؟؟ - C:\DTA\signs\25.jpg,ممر غير مخصص للمشاة,ممنوع مرور المشاة,إنتبه ممر للمشاة,إنتبه ممر للمشاة,3,25.svg
135,G,Signs,ماذا تعني هذه الإشارة ؟؟ - C:\DTA\signs\26.jpg,ممر لعربات اليد,ممنوع مرور الدراجات,إنتبه ممر للدراجات,إنتبه ممر للدراجات,3,26.svg
136,G,Signs,ماذا تعني هذه الإشارة ؟؟ - C:\DTA\signs\29.jpg,إنتبه طريق واسع,إنتبه طريق ضيق على اليسار,إنتبه طريق ضيق,إنتبه طريق ضيق,3,29.svg
137,G,Signs,ماذا تعني هذه الإشارة ؟؟ - C:\DTA\signs\30.jpg,أفضلية مرور لليمين,طريق ضيق على اليمين,إنتبه طريق ضيق على اليسار,إنتبه طريق ضيق على اليسار,3,30.svg
138,G,Signs,ماذا تعني هذه الإشارة ؟؟ - C:\DTA\signs\31.jpg,نهاية الأفضلية,إنتبه طريق ضيق على اليمين,إنتبه أفضلية المرور للسيارات المتجهة من الجهة المقابلة,إنتبه طريق ضيق على اليمين,2,31.svg
139,G,Signs,ماذا تعني هذه الإشارة ؟؟ - C:\DTA\signs\32.jpg,منطقة جبلية,إنتبه إحتمال سقوط أو وجود صخور,إنتبه طريق ضيق,إنتبه إحتمال سقوط أو وجود صخور,2,32.svg
140,G,Signs,ماذا تعني هذه الإشارة ؟؟ - C:\DTA\signs\33.jpg,ممنوع الدخول لعموم السيارات,إشارات كهربائية,إنتبه مستديرة,إشارات كهربائية,2,33.svg
141,G,Signs,ماذا تعني هذه الإشارة ؟؟ - C:\DTA\signs\37.jpg,أفسح الطريق - طريق ممنوع المرور أمامك,إنتبه أفضلية,إنتبه مخاطر متنوعة,إنتبه مخاطر متنوعة,3,37.svg
142,G,Signs,ماذا تعني هذه الإشارة ؟؟ - C:\DTA\signs\38.jpg,ممنوع المرور,إنتبه أفسح الطريق - طريق أفضلية أمامك,إنتبه مخاطر متنوعة,إنتبه أفسح الطريق - طريق أفضلية أمامك,2,38.svg
143,G,Signs,ماذا تعني هذه الإشارة ؟؟ - C:\DTA\signs\39.jpg,ممنوع المرور,نهاية الأفضلية,إنتبه أفضلية المرور للسيارات المتجهة من الجهة المقابلة,نهاية الأفضلية,2,39.svg
144,G,Signs,ماذا تعني هذه الإشارة ؟؟ - C:\DTA\signs\40.jpg,ممنوع التجاوز لجميع المركبات,نهاية الأفضلية,إنتبه أفضلية المرور للسيارات المتجهة من الجهة المقابلة,إنتبه أفضلية المرور للسيارات المتجهة من الجهة المقابلة,3,40.svg
145,G,Signs,ماذا تعني هذه الإشارة ؟؟ - C:\DTA\signs\41.jpg,طريق على خط واحد,ممنوع الدخول,قف,قف,3,41.svg
146,G,Signs,ماذا تعني هذه الإشارة ؟؟ - C:\DTA\signs\42.jpg,طريق على خط واحد,ممنوع الوقوف,ممنوع الدخول لعموم السيارات,ممنوع الدخول لعموم السيارات,3,42.svg
147,G,Signs,ماذا تعني هذه الإشارة ؟؟ - C:\DTA\signs\43.jpg,أخطار متنوعة,ممنوع الوقوف,ممنوع المرور,ممنوع المرور,3,43.svg
148,G,Signs,ماذا تعني هذه الإشارة ؟؟ - C:\DTA\signs\44.jpg,ممنوع التجاوز للشاحنات,ممنوع التجاوز لجميع المركبات,ممنوع المرور,ممنوع التجاوز لجميع المركبات,2,44.svg
149,G,Signs,ماذا تعني هذه الإشارة ؟؟ - C:\DTA\signs\45.jpg,السرعة القصوى 30 كلم في الساعة,إنتبه أفسح الطريق - طريق أفضلية أمامك,السرعة الدنيا 80 كلم في الساعة,السرعة القصوى 30 كلم في الساعة,1,45.svg
150,G,Signs,ماذا تعني هذه الإشارة ؟؟ - C:\DTA\signs\46.jpg,مسرح,ممنوع الوقوف,ممنوع التزمير,ممنوع التزمير,3,46.svg
151,G,Signs,ماذا تعني هذه الإشارة ؟؟ - C:\DTA\signs\47.jpg,طريق مخصص للشاحنات,ممنوع التجاوز للشاحنات,مسموح التجاوز للشاحنات,مسموح التجاوز للشاحنات,3,47.svg
152,G,Signs,ماذا تعني هذه الإشارة ؟؟ - C:\DTA\signs\48.jpg,مسموح مرور عربات الحيوانات,ممنوع مرور عربات الحيوانات,ممنوع مرور المشاة,ممنوع مرور المشاة,3,48.svg
153,G,Signs,ماذا تعني هذه الإشارة ؟؟ - C:\DTA\signs\49.jpg,ممنوع مرور السيارات,ممنوع مرور المشاة,إنتبه طريق مخصص للمشاة,إنتبه طريق مخصص للمشاة,3,49.svg
154,G,Signs,ماذا تعني هذه الإشارة ؟؟ - C:\DTA\signs\50.jpg,ممر إجباري للسيارات,طريق مخصص للدراجات,ممنوع المرور للدراجات,ممنوع المرور للدراجات,3,50.svg
155,G,Signs,ماذا تعني هذه الإشارة ؟؟ - C:\DTA\signs\51.jpg,طريق مخصص للدراجات النارية,ممنوع المرور للدراجات النارية,ممر خاص للدراجات النارية,ممر خاص للدراجات النارية,3,51.svg
156,G,Signs,ماذا تعني هذه الإشارة ؟؟ - C:\DTA\signs\52.jpg,ممنوع وقوف عربات اليد,ممنوع مرور عربات اليد,طريق مخصص لعربات اليد,طريق مخصص لعربات اليد,3,52.svg
157,G,Signs,ماذا تعني هذه الإشارة ؟؟ - C:\DTA\signs\53.jpg,ممنوع وقوف السيارات,ممنوع المرور لعموم السيارات,طريق مخصص للسيارات,طريق مخصص للسيارات,3,53.svg
158,G,Signs,ماذا تعني هذه الإشارة ؟؟ - C:\DTA\signs\55.jpg,"ممنوع مرور الشاحنات التي يزيد طولها عن 2,3 متر",ممنوع مرور الشاحنات,"ممنوع مرور السيارات التي يزيد عرضها عن 2,3 متر","ممنوع مرور السيارات التي يزيد عرضها عن 2,3 متر",3,55.svg
159,G,Signs,ماذا تعني هذه الإشارة ؟؟ - C:\DTA\signs\56.jpg,إتجاه إجباري للشاحنات,"ممنوع مرور الشاحنات التي يفوق علوها عن 3,5 متر",ممنوع مرور الشاحنات التي يزيد وزنها عن 3،5 طن,ممنوع مرور الشاحنات التي يزيد وزنها عن 3،5 طن,3,56.svg
160,G,Signs,ماذا تعني هذه الإشارة ؟؟ - C:\DTA\signs\57.jpg,ممنوع زيادة الحمولة أكثر من 10 أمتار,ممنوع مرور الشاحنات التي يفوق طولها عن 10 إمتار,"ممنوع مرور الشاحنات التي تزيد حمولتها عن 6,5 طن",ممنوع مرور الشاحنات التي يفوق طولها عن 10 إمتار,2,57.svg
161,G,Signs,ماذا تعني هذه الإشارة ؟؟ - C:\DTA\signs\58.jpg,ممنوع مرور الشاحنات التي يفوق علوها عن أمتار7,ممنوع مرور الشاحنات التي تزيد حمولتها عن 7 طن,ممنوع مرور الشاحنات التي تزيد حمولة كل دولاب منها عن 7 أطنان,ممنوع مرور الشاحنات التي تزيد حمولة كل دولاب منها عن 7 أطنان,3,58.svg
162,G,Signs,ماذا تعني هذه الإشارة ؟؟ - C:\DTA\signs\60.jpg,بداية الإشارات الممنوعة,تحديد السرعة,نهاية الإشارات الممنوعة,نهاية الإشارات الممنوعة,3,60.svg
163,G,Signs,ماذا تعني هذه الإشارة ؟؟ - C:\DTA\signs\61.jpg,ممنوع السرعة,بداية تحديد السرعة,نهاية تحديد السرعة,نهاية تحديد السرعة,3,61.svg
164,G,Signs,ماذا تعني هذه الإشارة ؟؟ - C:\DTA\signs\62.jpg,إتجاه إجباري على اليسار,ممنوع الإلتفاف على اليمين,الإلتفاف على اليمين,الإلتفاف على اليمين,3,62.svg
165,G,Signs,ماذا تعني هذه الإشارة ؟؟ - C:\DTA\signs\63.jpg,إتجاه إختياري مستقيم أو يمين,ممنوع الإلتفاف على اليسار,الإلتفاف على اليسار,الإلتفاف على اليسار,3,63.svg
166,G,Signs,ماذا تعني هذه الإشارة ؟؟ - C:\DTA\signs\64.jpg,ممنوع المرور يمين ويسار,إتجاه إجباري مستقيم,إتجاه إختياري يمين ويسار,إتجاه إختياري يمين ويسار,3,64.svg
167,G,Signs,ماذا تعني هذه الإشارة ؟؟ - C:\DTA\signs\65.jpg,إتجاه إجباري للشاحنات الجهة اليمين,إتجاه إختياري يمين أو مستقيم,ممنوع الإتجاه نحو اليسار,ممنوع الإتجاه نحو اليسار,3,65.svg
168,G,Signs,ماذا تعني هذه الإشارة ؟؟ - C:\DTA\signs\66.jpg,ممنوع الإتجاه نحو اليسار,إتجاه إختياري مستقيم أو يسار,ممر إجباري نحو اليسار,ممر إجباري نحو اليسار,3,66.svg
169,G,Signs,ماذا تعني هذه الإشارة ؟؟ - C:\DTA\signs\67.jpg,إتجاه إختياري نحو اليمين,خط الطريق الرئيسية,ممر إجباري نحو اليسار,ممر إجباري نحو اليسار,3,67.svg
170,G,Signs,ماذا تعني هذه الإشارة ؟؟ - C:\DTA\signs\68.jpg,إتجاه إختياري مستقيم,ممنوع الإلتفاف إلى اليمين,ممر إجباري يمين,ممر إجباري يمين,3,68.svg
171,G,Signs,ماذا تعني هذه الإشارة ؟؟ - C:\DTA\signs\69.jpg,ممنوع الإلتفاف يمين أو يسار,إتجاه أختياري نحو اليمين,ممر إجباري يمين أو يسار,ممر إجباري يمين أو يسار,3,69.svg
172,G,Signs,ماذا تعني هذه الإشارة ؟؟ - C:\DTA\signs\71.jpg,طريق للمشاة والدراجات الهوائية,نهاية حلبة الدراجات الهوائية,طريق مخصص للدراجات الهوائية,طريق مخصص للدراجات الهوائية,3,71.svg
173,G,Signs,ماذا تعني هذه الإشارة ؟؟ - C:\DTA\signs\72.jpg,ممنوع مرور المشاة والدراجات الهوائية,نهاية حلبة الدراجات الهوائية,طريق للمشاة والدراجات فقط,نهاية حلبة الدراجات الهوائية,2,72.svg
174,G,Signs,ماذا تعني هذه الإشارة ؟؟ - C:\DTA\signs\75.jpg,إتجاه إجباري يمين,ممنوع الإلتفاف يميناً,وجهة السير,وجهة السير,3,75.svg
175,G,Signs,ماذا تعني هذه الإشارة ؟؟ - C:\DTA\signs\76.jpg,التفاف إلزامي,ممنوع الإلتفاف,وجهة السير,وجهة السير,3,76.svg
176,G,Signs,ماذا تعني هذه الإشارة ؟؟ - C:\DTA\signs\77.jpg,نهاية منع تجاوز الأوتوبيسات,طريق مخصص للأوتوبيسات,ممنوع مرور الاوتوبيسات,ممنوع مرور الاوتوبيسات,3,77.svg
177,G,Signs,ماذا تعني هذه الإشارة ؟؟ - C:\DTA\signs\78.jpg,ممنوع مرور الشاحنات التي يزيد وزنها عن 6،5 طن,طريق مخصص للشاحنات,ممنوع مرور الشاحنات,ممنوع مرور الشاحنات,3,78.svg
178,G,Signs,ماذا تعني هذه الإشارة ؟؟ - C:\DTA\signs\79.jpg,طريق الزامي للشاحنات,ممنوع وقوف الشاحنات,"ممنوع مرور الشاحنات التي تزيد حمولتها عن 6,5 طن","ممنوع مرور الشاحنات التي تزيد حمولتها عن 6,5 طن",3,79.svg
179,G,Signs,ماذا تعني هذه الإشارة ؟؟ - C:\DTA\signs\80.jpg,طريق الزامي للشاحنات,ممنوع مرور الشاحنات بمواد خطرة,ممنوع مرور الشاحنات التي تجر قاطرة,ممنوع مرور الشاحنات التي تجر قاطرة,3,80.svg
180,G,Signs,ماذا تعني هذه الإشارة ؟؟ - C:\DTA\signs\81.jpg,طريق مخصص للآليات الزراعية,موقف لحظة للآليات الزراعية,ممنوع مرور الآليات الزراعية,ممنوع مرور الآليات الزراعية,3,81.svg
181,G,Signs,ماذا تعني هذه الإشارة ؟؟ - C:\DTA\signs\84.jpg,نهاية منع تجاوز الشاحنات,نهاية منع التجاوز,إنتبه منطقة سير على خطين,نهاية منع التجاوز,2,84.svg
182,G,Signs,ماذا تعني هذه الإشارة ؟؟ - C:\DTA\signs\85.jpg,طريق مخصص للشاحنات فقط,نهاية منع تجاوز الشاحنات,إنتبه منطقة سير على خطين,نهاية منع تجاوز الشاحنات,2,85.svg
183,G,Signs,ماذا تعني هذه الإشارة ؟؟ - C:\DTA\signs\86.jpg,ممنوع الوقوف,ممنوع التجاوز الجميع المركبات,ممنوع المرور,ممنوع الوقوف,1,86.svg
184,G,Signs,ماذا تعني هذه الإشارة ؟؟ - C:\DTA\signs\87.jpg,ممنوع الوقوف والتوقف,ممنوع الوقوف,ممنوع المرور,ممنوع الوقوف والتوقف,1,87.svg
185,G,Signs,ماذا تعني هذه الإشارة ؟؟ - C:\DTA\signs\88.jpg,ممنوع الوقوف في هذا المكان,ممنوع الوقوف يساراً,إتجاه إجباري مستقيم,إتجاه إجباري مستقيم,3,88.svg
186,G,Signs,ماذا تعني هذه الإشارة ؟؟ - C:\DTA\signs\89.jpg,ممنوع المرور بهذا الإتجاه,ممنوع الإتجاه نحو اليسار,وجهة السير إلى اليسار,وجهة السير إلى اليسار,3,89.svg
187,G,Signs,ماذا تعني هذه الإشارة ؟؟ - C:\DTA\signs\90.jpg,ممنوع الوقوقف ناحية اليمين,ممنوع الإتجاه نحو اليمين,وجهة السير إلى اليمين,وجهة السير إلى اليمين,3,90.svg
188,G,Signs,ماذا تعني هذه الإشارة ؟؟ - C:\DTA\signs\91.jpg,موقع توقف,وجهة سير مستديرة,ممنوع الالتفاف,وجهة سير مستديرة,2,91.svg
189,G,Signs,ماذا تعني هذه الإشارة ؟؟ - C:\DTA\signs\92.jpg,ممنوع الوقوف أكثر من ثلاثين دقيقة,أقصى سرعة إجبارية,أدنى سرعة إجبارية,أدنى سرعة إجبارية,3,92.svg
190,G,Signs,ماذا تعني هذه الإشارة ؟؟ - C:\DTA\signs\93.jpg,السرعة القصوى 30,ممنوع الوقوف أكثر من ثلاثين دقيقة,نهاية أدنى سرعة,نهاية أدنى سرعة,3,93.svg
191,G,Signs,ماذا تعني هذه الإشارة ؟؟ - C:\DTA\signs\94.jpg,إنتبه طريق منزلق,يجب نزع السلاسل المعدنية,السيارات المجهزة بسلاسل معدنية فقط,السيارات المجهزة بسلاسل معدنية فقط,3,94.svg
192,G,Signs,ماذا تعنى هذه الإشارة ؟؟ - C:\DTA\signs\95.jpg,منتزه,ممنوع المرور للمشاة,طريق للمشاة,طريق للمشاة,3,95.svg
193,G,Signs,ماذا تعني هذه الإشارة ؟؟ - C:\DTA\signs\96.jpg,طريق مخصص للمشاة,ممر للمشاة فوق الطريق,نهاية طريق للمشاة,نهاية طريق للمشاة,3,96.svg
194,G,Signs,ماذا تعني هذه الإشارة ؟؟ - C:\DTA\signs\97.jpg,ممنوع وقوف الدراجات الهوائية,ممنوع مرور الدراجات الهوائية,حلبة مخصصة للدراجات الهوائية,حلبة مخصصة للدراجات الهوائية,3,97.svg
195,G,Signs,ماذا تعني هذه الإشارة ؟؟ - C:\DTA\signs\98.jpg,إتجاه إلزامي نحو اليسار,ممنوع الوقوف يساراً,ممنوع الإلتفاف يساراً,ممنوع الإلتفاف يساراً,3,98.svg
196,G,Signs,ماذا تعني هذه الإشارة ؟؟ - C:\DTA\signs\99.jpg,إنتبه جسر متحرك,طريق على خطين موصول بجسر,مستشفى,مستشفى,3,99.svg
197,G,Signs,ماذا تعني هذه الإشارة ؟؟ - C:\DTA\signs\100.jpg,إنتبه ممنوع مرور المشاة,نهاية طريق للمشاة,إنتبه ممر للمشاة,إنتبه ممر للمشاة,3,100.svg
198,G,Signs,ماذا تعني هذه الإشارة ؟؟ - C:\DTA\signs\104.jpg,يمنع ركوب الدراجات الهوائية,ممر مخصص للدراجات,حلبة مخصصة للدراجات الهوائية,ممر مخصص للدراجات,2,104.svg
199,G,Signs,ماذا تعني هذه الإشارة ؟؟ - C:\DTA\signs\106.jpg,نقطة التقاء خطين,طريق يصل بخط رئيسي,طريق غير نافذ,طريق غير نافذ,3,106.svg
200,G,Signs,ماذا تعني هذه الإشارة ؟؟ - C:\DTA\signs\107.jpg,إنتبه مدرج طيران,إنتبه جسر,أوتوستراد,أوتوستراد,3,107.svg
201,G,Signs,ماذا تعني هذه الإشارة ؟؟ - C:\DTA\signs\108.jpg,جسر فوق الطريق,نهاية الأوتوستراد,إنتبه طريق ضيق,نهاية الأوتوستراد,2,108.svg
202,G,Signs,ماذا تعني هذه الإشارة ؟؟ - C:\DTA\signs\109.jpg,جسر,نفق,إنتبه طريق وعرة,نفق,2,109.svg
203,G,Signs,ماذا تعني هذه الإشارة ؟؟ - C:\DTA\signs\111.jpg,للأطباء فقط,موقف مخصص للمعاقين,مركز نجدة - مساعدة,مركز نجدة - مساعدة,3,111.svg
204,G,Signs,ماذا تعني هذه الإشارة ؟؟ - C:\DTA\signs\112.jpg,ممنوع وقوف المعاقين,موقف لحظة,موقف مخصص للمعوقين,موقف مخصص للمعوقين,3,112.svg
205,G,Signs,ماذا تعني هذه الإشارة ؟؟ - C:\DTA\signs\113.jpg,موقف,موقف لحظة,ممنوع الوقوف,موقف لحظة,2,113.svg
206,G,Signs,ماذا تعني هذه الإشارة ؟؟ - C:\DTA\signs\116.jpg,موقف للعموم - ممنوع للتاكسي,ممنوع وقوف سيارات التاكسي,موقف تاكسي أكثر من سيارتين,موقف تاكسي أكثر من سيارتين,3,116.svg
207,G,Signs,ماذا تعني هذه الإشارة ؟؟ - C:\DTA\signs\117.jpg,إزالة فورية,استعلامات,شرطة,شرطة,3,117.svg
208,G,Signs,ماذا تعني هذه الإشارة ؟؟ - C:\DTA\signs\118.jpg,مركز انترنت,محطة وقود,إستعلامات,إستعلامات,3,118.svg
209,G,Signs,ماذا تعني هذه الإشارة ؟؟ - C:\DTA\signs\119.jpg,موقف مخصص للشرطة,إطفاء,شرطة البلدية,شرطة البلدية,3,119.svg
210,G,Signs,ماذا تعني هذه الإشارة ؟؟ - C:\DTA\signs\121.jpg,تقاطع خطر,إنعطاف غير مباشر إلى اليسار,خط الطريق الرئيسية,خط الطريق الرئيسية,3,121.svg
211,G,Signs,ماذا تعني هذه الإشارة ؟؟ - C:\DTA\signs\127.jpg,موقف,موقف لحظة,ممنوع الوقوف,موقف,1,127.svg
212,G,Signs,ماذا تعني هذه الإشارة ؟؟ - C:\DTA\signs\128.jpg,مركز للتصليح,مطعم,فندق,فندق,3,128.svg
213,G,Signs,ماذا تعني هذه الإشارة ؟؟ - C:\DTA\signs\129.jpg,مرطبات,مطعم,استعلامات,مطعم,2,129.svg
214,G,Signs,ماذا تعني هذه الإشارة ؟؟ - C:\DTA\signs\132.jpg,محطة وقود,هاتف,مطعم,هاتف,2,132.svg
215,G,Signs,ماذا تعني هذه الإشارة ؟؟ - C:\DTA\signs\133.jpg,محطة وقود,مركز للتصليح,مطعم,محطة وقود,1,133.svg
216,G,Signs,ماذا تعني هذه الإشارة ؟؟ - C:\DTA\signs\134.jpg,خط سير مخصص للباصات,ممنوع وقوف الباصات,موقف باص,موقف باص,3,134.svg
217,G,Signs,ماذا تعني هذه الإشارة ؟؟ - C:\DTA\signs\136.jpg,موقع توقف ونداء ومساعدة,موقع للمقطورات والخيم,ممنوع الوقوف,موقع للمقطورات والخيم,2,136.svg
218,G,Signs,ماذا تعني هذه الإشارة ؟؟ - C:\DTA\signs\139.jpg,خفف السرعة,إنعطاف غير مباشر إلى اليسار,إنعطاف,إنعطاف,3,139.svg
219,G,Signs,ماذا تعني هذه الإشارة ؟؟ - C:\DTA\signs\141.jpg,خفف السرعة,إنعطاف غير مباشر إلى اليسار,إنعطاف,إنعطاف غير مباشر إلى اليسار,2,141.svg
220,G,Signs,ماذا تعني هذه الإشارة ؟؟ - C:\DTA\signs\2.jpg,إنتبه منعطف يمين,إنتبه مطبات,إنتبه انخفاضات,إنتبه مطبات,2,2.svg
221,G,Law,إذا كان الطريق مقسوماً إلى مسلكين محددين بخطوط متواصلة أو بفواصل، يجب على السائق,السير في الإتجاه المعاكس,إجتياز هذه الخطوط والفواصل والسير عليها,عدم إجتياز هذه الخطوط أو الفواصل,عدم إجتياز هذه الخطوط أو الفواصل,3,
222,G,Law,على سائق السيارة، في حالة السير العادي,أن يلتزم الجانب الأيسر من الطريق,أن يتجاوز الخطوط بقصد التجاوز,أن يلتزم الجانب الأيمن من الطريق دون تنبيه,أن يلتزم الجانب الأيمن من الطريق دون تنبيه,3,
223,G,LAW,تخصص الأرصفة، عند وجودها,الإيقاف السيارة في حال السماح بذلك,الوضع أي شيء يعيق سير المنتفعين,للمشاة وعربات الأولاد والمرضى والمقعدين المدفوعين بالأيدي,للمشاة وعربات الأولاد والمرضى والمقعدين المدفوعين بالأيدي,3,
224,G,Law,على السائق الذي يتأهب لإدخال تغيير هام في سرعة مركبته أو إتجاهها,أن يتجاوز الخطوط المتواصلة فيما إذا كانت إلى يساره مباشرة,أن يتجاوز الخطوط المتقطعة دون أي سابق إنذار,أن يتأكد مسبقاً من إمكانية إجراء ذلك بدون خطر وأن ينبه غيره إلى ذلك,أن يتأكد مسبقاً من إمكانية إجراء ذلك بدون خطر وأن ينبه غيره إلى ذلك,3,
225,G,Law,على السائق أن لا يستعمل المكابح في السير فجأة إلا:,بداعي التوقف,بداعي تجربتها,بداعي الخطر,بداعي الخطر,3,
226,G,Law,على السائق أن يلتزم جانب,اليسار عندما يريد سائق آخر تجاوزه,اليسار من الطريق عندما يقبل عليه سائق آخر من الجهة المعاكسة,اليمين من الطريق عندما يقبل عليه سائق آخر من الجهة المعاكسة,اليمين من الطريق عندما يقبل عليه سائق آخر من الجهة المعاكسة,3,
227,G,Law,يُحظر على السائق,تجاوز سائق آخر من الجانب الأيسر عندما تكون الرؤية كافية,السير على الجانب الأيمن عندما يُقبل عليه من الجهة المقابلة سائق آخر,تجاوز الفرق العسكرية وقوى الأمن والمواكب على إختلاف أنواعها وهي في حالة السير,تجاوز الفرق العسكرية وقوى الأمن والمواكب على إختلاف أنواعها وهي في حالة السير,3,
228,G,Law,يُحظر على سائقي المركبات,أن يتمهلوا بالسير على الجانب الأيسر,أن يسيروا بالإتجاه المحدد,أن يوقفوا محركات مركباتهم عن الدوران بقصد تسييرها في المنحدرات بقوة إندفاعها,أن يوقفوا محركات مركباتهم عن الدوران بقصد تسييرها في المنحدرات بقوة إندفاعها,3,
229,G,Law,يُحظر على سائق المركبة,أن يتأكد من إجراء مناورة التجاوز دون خطر,أن يسير بالإتجاه المحدد,يجري مناورة عكس (Demi Tour) الإتجاه في وسط الطريق العام ضمن المناطق المأهولة,يجري مناورة عكس (Demi Tour) الإتجاه في وسط الطريق العام ضمن المناطق المأهولة,3,
230,G,Law,يُحضّر على السائق أن,يتأكد من إجراء التجاوز دون خطر,أن يسير بالإتجاه المحدد,يسير بغير الإتجاه المحدد,يسير بغير الإتجاه المحدد,3,
231,G,Law,يُحظر على السائق أن,السير على الجانب الأيمن من الطريق,أن يتأكد من إجراء مناورة التجاوز دون خطر,غسل المركبات على الطريق العام,غسل المركبات على الطريق العام,3,
232,G,Law,على السائق أن,لا يأخذ بعين الإعتبار وضعية الطرق وحالتها وكثافة السير,يزيد السرعة عندما تكون الرؤية سيئة,يخفف السرعة أو أن يتوقف كلما أوجبت الظروف وخاصة عندما تكون الرؤية سيئة,يخفف السرعة أو أن يتوقف كلما أوجبت الظروف وخاصة عندما تكون الرؤية سيئة,3,
233,G,Law,على السائق,التلاقي على اليسار,التجاوز على اليمين عندما تكون الطريق ذات مسرب واحد,التجاوز على اليسار,التجاوز على اليسار,3,
234,G,Law,على السائق في حال التلاقي,أن يلتزم خط الوسط في حال كانت الطريق مسلك واحد,أن يلتزم الجهة اليسار من الطريق بقدر ما يسمح وجود سالكين آخرين عليها,أن يلتزم الجهة اليمين من الطريق بقدر ما يسمح وجود سالكين آخرين عليها,أن يلتزم الجهة اليمين من الطريق بقدر ما يسمح وجود سالكين آخرين عليها,3,
235,G,Law,على السائق قبل الشروع بالتجاوز,عدم مراعاة تدابير السير الممكن إتخاذها ضمن المناطق المأهولة,أن يقوم بالتجاوز حتى ولو باشر السائق الذي يتبعه بمناورة تجاوز مماثلة,أن يتأكد من أن من يتبعه من السائقين لم يباشر بعد مناورة تجاوز مماثلة,أن يتأكد من أن من يتبعه من السائقين لم يباشر بعد مناورة تجاوز مماثلة,3,
236,G,Law,على السائق قبل الشروع بالتجاوز,له أفضلية التجاوز ولو باشر السائق الذي يتبعه عملية مماثلة,عدم تنبيه السائق الذي يريد تجاوزه,أن ينبه السائق الذي يريد تجاوزه,أن ينبه السائق الذي يريد تجاوزه,3,
237,G,Law,عند التجاوز، يجب على السائق أن,لا يلتزم اليمين مباشرة بعد التجاوز,يستعمل النصف الأيسر من الطريق، ولو كان ذلك يضايق السائرين في الإتجاه المعاكس,يستعمل النصف الأيسر من الطريق، على أن لا يضايق ذلك السائرين في الإتجاه المعاكس,يستعمل النصف الأيسر من الطريق، على أن لا يضايق ذلك السائرين في الإتجاه المعاكس,3,
238,G,Law,يسمح بالتجاوز على اليمين خلافاً للقاعدة,في حال أشار السائق بأنه ينوي التوجه إلى اليمين,لا يسمح بالتجاوز على اليمين,في المسالك والطرقات التي تحتوي أكثر من مسربين شرط أن يتأكد السائق أن إنتقاله من مسرب إلى آخر لا يسبب خطراً أو إزعاجاً للآخرين,في المسالك والطرقات التي تحتوي أكثر من مسربين شرط أن يتأكد السائق أن إنتقاله من مسرب إلى آخر لا يسبب خطراً أو إزعاجاً للآخرين,3,
239,G,Law,يُحظر التجاوز,على يسار المركبة إذا كانت الطريق محددة بخطوط متقطعة,إذا كان الطريق مقسم إلى عدة مسالك محددة بخطوط متقطعة,على المنعطفات,على المنعطفات,3,
240,G,Law,يُحظر التجاوز,على الطرقات التي لا تحتوي أكثر من مسرب واحد,عن جهة اليمين في جميع الحالات,على الجسور وفي الأنفاق,على الجسور وفي الأنفاق,3,
241,G,Law,يُحظر التجاوز,في حال بقاء النصف الايسر من الطريق حراً,إذا كان المقصود تجاوزه يسير على المسلك اليمين للطريق,في حال توقف رتل من السيارات بسبب عرقلة السير أو بسبب وجود إشارة بتوقفها,في حال توقف رتل من السيارات بسبب عرقلة السير أو بسبب وجود إشارة بتوقفها,3,
242,G,Law,يُحظر التجاوز,في الحالات التي يسمح فيها شكل الطريق المجال الحر في عرضه بالتجاوز بسهولة وسلامة تامة,إذا كان الطريق مقسم إلى عدة مسالك محددة بخطوط متقطعة,عند رؤوس الطرقات المرتفعة إذا كانت الرؤية إلى الأمام غير كافية إلا بشرط بقاء النصف الأيسر من الطريق حراً,عند رؤوس الطرقات المرتفعة إذا كانت الرؤية إلى الأمام غير كافية إلا بشرط بقاء النصف الأيسر من الطريق حراً,3,
243,G,Law,إذا نبهت سيارة من سيارات قوى الأمن أو الإطفائية أو الدفاع المدني أو الإسعاف إلى إقترابها بواسطة الإشارات وجب على سالكي الطريق الآخرين أن,التوقف فوراً حيثما وجدوا لتسهيل مرور هذه السيارات,زيادة سرعتهم لتسهيل مرور هذه السيارات,يخفضوا سرعتهم وإذا لزم الأمر أن يتوقفوا أو يتنحوا جانباً لتسهيل مرور هذه السيارات,يخفضوا سرعتهم وإذا لزم الأمر أن يتوقفوا أو يتنحوا جانباً لتسهيل مرور هذه السيارات,3,
244,G,Law,يُحظر التجاوز,في الطرقات الواسعة,إذا كان الطريق مقسم إلى عدة مسالك محددة بخطوط متقطعة,في الطرقات الجبلية الضيقة أو الإنحدار الشديد,في الطرقات الجبلية الضيقة أو الإنحدار الشديد,3,
245,G,G,على السائق عند اقترابه من تقاطع طرق,المرور دون التثبت من أن الطريق حر,أن يلتزم الطرف اليمين من الطريق,أن يتأكد من أن الطريق الذي ينوي قطعه حر,أن يتأكد من أن الطريق الذي ينوي قطعه حر,3,
246,G,Law,على السائق الذي يتأهب لترك طريق من أجل سلوك طريق آخر واقع إلى يمينه,أن يميل إلى اليسار دون أن يتعدى محور الطريق,أن يلتزم الطرف الأيسر من الطريق,أن يلتزم الطرف اليمين من الطريق,أن يلتزم الطرف اليمين من الطريق,3,
247,G,Law,على السائق الذي يتأهب لترك طريق من أجل سلوك طريق آخر واقع على يساره أن,يبقى في خط الوسط دون أن يميل لا يميناً ولا يساراً,يميل إلى يمينه دون أن يتعدى محور الطريق,يميل إلى اليسار دون أن يتعدى محور الطريق,يميل إلى اليسار دون أن يتعدى محور الطريق,3,
248,G,G,على السائق الذي يتأهب لترك طريق من أجل سلوك طريق آخر أن,يميل إلى اليمين ببطء,يقوم بالإلتفاف اللازم بسرعة فائقة كي لا يسبب الإزعاج للآخرين,يقوم بالإلتفاف اللازم بسرعة معتدلة بعد أن يتأكد من إمكان إجراء ذلك دون أي خطر أو إزعاج للآخرين,يقوم بالإلتفاف اللازم بسرعة معتدلة بعد أن يتأكد من إمكان إجراء ذلك دون أي خطر أو إزعاج للآخرين,3,
249,G,Law,"من الأفضل المحافظة على ""مسافة أمان"":",فقط من جهتي اليمين واليسار,فقط من جهتي الامام والخلف,على كل جوانب المركبة,على كل جوانب المركبة,3,
250,G,G,"السماح بوجود ""مسافة أمان"" مهم لانه",يعطي فسحة لدخول سيارة أخرى,يمنع الالتهاء بالمركبات الاخرى,يعطي وقت لردة الفعل والتفاعل مع مجريات السير,يعطي وقت لردة الفعل والتفاعل مع مجريات السير,3,
251,G,Law,الضوء الأخضر المستمر على التقاطع يعني أنه:,يجب عليك التوقف والتأكد من السير المقابل قبل متابعة السير,تابع السير اذا كانت الطريق خالية,يمكنك عبور التقاطع اذا كان ذلك ممكناً,يمكنك عبور التقاطع اذا كان ذلك ممكناً,3,
252,G,G,الضوء الأصفر المتقطع يعني,لا تستطيع المرور إلى اليمين,توقف ثم تابع السير عند خلو الطريق,خفف السرعة وتابع السير بحذر,خفف السرعة وتابع السير بحذر,3,
253,G,Law,الضوء الأصفر على تقاطع يعني,انطلق,خفف السرعة واستعد للتوقف,قف,خفف السرعة واستعد للتوقف,2,
254,G,Safety,إذا انفجر دولاب خلال السير,اترك حرية الحركة للمقود,احرر دواسة الوقود لتخفيف سرعة السيارة واقوم بتثبيت المقود وأوقفها خارج الطريق,أخفض سرعة السيارة باستعمال المكابح وأوقفها خارج الطريق,احرر دواسة الوقود لتخفيف سرعة السيارة واقوم بتثبيت المقود وأوقفها خارج الطريق,2,
255,G,Safety,إذا أزعجتك انوار السيارة القادمة من الجهة المقابلة عليك النظر إلى:,وسط الطريق,الجانب الايسر من الطريق,الأسفل وإلى الجانب الايمن من الطريق,الأسفل وإلى الجانب الايمن من الطريق,3,
256,G,Safety,إذا تعطلت مركبتك على الأوتوستراد,انتظر في المركبة لوصول المساعدة,وضع المثلث التحذيري وتشغل الانوار الرئيسية التحذير باقي السائقين,وضع المثلث التحذيري وتشغيل انوار الإشارات الاربعة لتحذير باقي السائقين,وضع المثلث التحذيري وتشغيل انوار الإشارات الاربعة لتحذير باقي السائقين,3,
257,G,Law,إذا دخلت طريق سريع عليك,تخفيف السرعة,أن تقود بسرعة أقل من السرعة المحددة,تقود بسرعة السير الذي على الطريق السريع,تقود بسرعة السير الذي على الطريق السريع,3,
258,G,Law,إذا كان المسلك محدد بخط متقطع محاذ لخط متواصل,يسمح للسائق إجتياز الخط المتقاطع إذا كان إلى يساره مباشرة,يحظر على السائق إجتياز الخط المتواصل فيما إذا كان إلى يمينه مباشرة,يُحظر على السائق اجتياز الخط المتواصل فيما إذا كان إلى يساره مباشرة,يُحظر على السائق اجتياز الخط المتواصل فيما إذا كان إلى يساره مباشرة,3,
259,G,Law,إذا لاحقتك مركبة وأنت على الجهة اليسرى من الطريق السريع عليك,زيادة السرعة,ضرب قدمك بتقطع على الكابح لجعلها تبتعد,الاتجاه بمركبتك إلى المسرب اليمين معدلاً سرعتك إلى السرعة على هذا المسرب,الاتجاه بمركبتك إلى المسرب اليمين معدلاً سرعتك إلى السرعة على هذا المسرب,3,
260,G,Safety,إذا لم يعمل الكابح خلال السير عليك,توقيف المحرك عن الدوران,الاتجاه مباشرة إلى مرآب التصليح,بسرعة ضرب الكابح بتردد عالي,بسرعة ضرب الكابح بتردد عالي,3,
261,G,Safety,في حال سوء الأحوال الجوية,أتقيد بالسرعة القصوى,القيادة دون السرعة القصوى وبحسب ظروف الطريق,أتقيد بالسرعة القصوى وإضاءة المصابيح,القيادة دون السرعة القصوى وبحسب ظروف الطريق,2,
262,G,Safety,تحتاج مسافة توقف إضافية عند السير :,خلف سيارات اخرى,على طرقات جافة,على طرقات رطبة,على طرقات رطبة,3,
263,G,Law,تخصص الأرصفة، عند وجودها,الوضع اي شيئ يعيق سير المنتفعين,الايقاف السيارة في حال السماح بذلك,للمشاة وعربات الاولاد والمرضى والمقعدين المدفوعين بالايدي,للمشاة وعربات الاولاد والمرضى والمقعدين المدفوعين بالايدي,3,
264,G,Law,تشير أنوار المكابح الخلفية إلى باقي السائقين إلى أنك:,تدخل في منعطف,تبدل المسرب,تخفف السرعة او تتوقف,تخفف السرعة او تتوقف,3,
265,G,Law,على تقاطع أربعة اتجاهات المركبة التي تمر أولاً هي :,المركبة التي تصل اولاً,المركبة التي تتجه إلى اليمين,المركبة التي وصلت أولاً ودخلت التقاطع,المركبة التي وصلت أولاً ودخلت التقاطع,3,
266,G,Law,عليك التوقف عند رؤية,ضوء أصفر مستمر,ضوء أصفر متقطع,ضوء أحمر متقطع,ضوء أحمر متقطع,3,
267,G,Law,عند استعمال الطريق مع شاحنة من المفيد التذكر بأن الشاحنات,بحاجة لشعاع دائرة أقصر لتتمكن من الإلتفاف,يلزمها وقت اقل للتجاوز على منحدر,تأخذ مسافة اطول من السيارات للتوقف,تأخذ مسافة اطول من السيارات للتوقف,3,
268,G,Safety,عند الإلتفاف إلى اليمين على الضوء الأخضر عليك,تخفيف السرعة بسبب الالتفاف,متابعة السير بالمسرب نفسه,افساح الطريق للمشاة,افساح الطريق للمشاة,3,
269,G,Law,يمكن التمنع عن الخضوع لفحص الكحول أو المخدرات,في الحالات الطارئة,في حال كان السائق دون سن 21,ولا في أي حال من الاحوال,ولا في أي حال من الاحوال,3,
270,G,Law,عند السير في الضباب عليك أن تستعمل,انوار الطريق (الضوء العالي),انوار الضباب و / أو أنوار التلاقي (الضوء الواطى),انوار الضباب و / أو أنوار الطريق (الضوء العالي),انوار الضباب و / أو أنوار التلاقي (الضوء الواطى),2,
271,G,Law,عند القيام بمناورة التجاوز على طريق سريع متعدد المسارب,لا حاجة لتشغيل الاشارات,راقب السير المقابل,تأكد من وجود فسحة كافية على المسرب الذي ستتجاوز عليه,تأكد من وجود فسحة كافية على المسرب الذي ستتجاوز عليه,3,
272,G,Law,عند دخول منعطف عليك أن,تحافظ على سرعة مركبتك,تزيد من سرعة مركبتك,تخفض من سرعة مركبتك,تخفض من سرعة مركبتك,3,
273,G,Law,عند تعطل الإشارات الضوئية عليك,إعطاء الأفضلية للسائق على اليسار,التوقف بانتظار وصول شرطة السير,التصرف كانك على تقاطع من دون اشارات ضوئية,التصرف كانك على تقاطع من دون اشارات ضوئية,3,
274,G,Law,عندما تقوم شاحنة بمناورة التجاوز لمركبتك عليك,تغيير المسرب,زيادة السرعة,تثبيت او تخفيف السرعة,تثبيت او تخفيف السرعة,3,
275,G,Law,في حال السير خلف دراجة نارية عليك,السماح للدراجة باستخدام نصف المسرب,تجاوز الدراجة على ذات المسرب,السماح لها باستخدام المسرب كاملاً,السماح لها باستخدام المسرب كاملاً,3,
276,G,Law,في حال إقتراب سائقين إثنين من تقاطع طرقات وهما قادمان من طريقين مختلفين,يمر كل في طريقه دون إعطاء أفضلية مرور لأحد,وجب على السائق القادم من اليسار أن يفسح المجال لمرور السائق الآخر,وجب على السائق القادم من اليمين أن يفسح المجال لمرور السائق الآخر,وجب على السائق القادم من اليسار أن يفسح المجال لمرور السائق الآخر,2,
277,G,Law,قبل تجاوز مركبة اخرى، دخول في منعطف أو التجاوز عليك,تخفيف السرعة، تشغيل اشارات التنبيه لتحذير السائقين، والتأكد من المرايا,تخفيف السرعة وتشغيل الاشارة عند بدء تغير المسرب,تخفيف السرعة، تشغيل الاشارة قبل فترة زمنية كافية لتنبيه باقي مستخدمي الطريق والتأكد من المرايا والالتفات إلى البقع المعمية,تخفيف السرعة، تشغيل الاشارة قبل فترة زمنية كافية لتنبيه باقي مستخدمي الطريق والتأكد من المرايا والالتفات إلى البقع المعمية,3,
278,G,Law,لا يجوز للسائق في حال التجاوزات العادية,ان يضايق السائريين الى يمينه,ان يستعمل المسرب الايمن الى الطريق,أن يستعمل المسرب الايسر من الطريق,أن يستعمل المسرب الايسر من الطريق,3,
279,G,Law,لمن تعود افضلية المرور في حال التفاف المركبة ومرور أحد المشاة دون وجود اشارة ضوئية ؟,"الذي يمر بسرعة اكبر الذي وصل اولا""",السيارة,المشاة,المشاة,3,
280,G,Safety,يتكون الجليد بسرعة أكبر على الطرق,المسطحة,التي سطحها متعرج وفيه تجاويف,التي يقع عليها ظل,التي يقع عليها ظل,3,
281,G,Law,يحظر على سائق المركبة,يسير بغير الاتجاه المحدد,يبقى يقظاً ومسيطراً على سيارته بشكل يمكنه من إجراء جميع العمليات والمناورات المتوجبة,يتأكد من إجراء التجاوز دون خطر,يسير بغير الاتجاه المحدد,1,
282,G,Law,يحظر على سائق المركبة,السير على الجانب الايمن من الطريق,غسل المركبات على الطريق العام,أن يتأكد من إجراء مناورة التجاوز دون خطر,غسل المركبات على الطريق العام,2,
283,G,Law,يحظر على سائق المركبة,أن يسير بالاتجاه المحدد,يجري المناورة عكس الاتجاه في وسط الطريق العام,أن يتأكد من إجراء مناورة التجاوز دون خطر,يجري المناورة عكس الاتجاه في وسط الطريق العام,2,
284,G,Law,يفترض المنطق السليم أن,لا تتجاوز السرعة القصوى 80 كلم بالساعة,لا تسرع أكثر من السرعة المحددة,لا تسرع أكثر من السرعة الآمنة لحالة الطريق,لا تسرع أكثر من السرعة الآمنة لحالة الطريق,3,
285,G,Law,يمكنك الخروج عن الطريق لتجاوز مركبة أخرى,اذا كانت السيارة التي امامك تتجه نحو اليسار,اذا كان الطريق أو ممر المشاة يسع سيارتك,ولا في أي حال من الاحوال,ولا في أي حال من الاحوال,3,
286,G,Law,يمكنك متابعة السير بانتباه على الضوء الأصفر اذا كنت,خلف مركبة عندها الافضلية مثل اسعاف، دفاع مدني (اطفاء),تتجه نحو اليسار,دخلت التقاطع,دخلت التقاطع,3,
287,G,Law,يحظر على سائق المركبة,السير على الجانب الايمن من الطريق,إصلاح المركبات على الطريق العام إلا في الضرورات القصوى,أن يتأكد من إجراء مناورة التجاوز دون خطر,إصلاح المركبات على الطريق العام إلا في الضرورات القصوى,2,
288,G,Law,على السائق أن يلتزم أقصى الجانب الأيمن من الطريق,عندما تكون سرعة سيارته دون السرعة المعمول بها,عندما يريد أن يتجاوز سائق آخر,عندما تكون رؤية الطريق إلى الأمام كافية,عندما تكون سرعة سيارته دون السرعة المعمول بها,1,
289,G,Law,يحظر على سائقي المركبات، بعد ثلاث سنوات من حيازتهم دفتر السوق القيادة تحت تأثير الكحول بنسبة تتعدى,0.3 غ/ل,0.4 غ/ل,0.5 غ/ل,0.5 غ/ل,3,
290,G,Law,خلال أول ثلاث سنوات من حيازتك على رخصة سوق، لا يجب أن تتجاوز معدل نسبة الكحول في الدم,0 غ/ل,0.3 غ/ل,0.5 غ/ل,0 غ/ل,1,
291,G,Law,يحظر على سائقي المركبات أثناء القيادة,استعمال اي وسيلة من اجهزة الاتصالات,استعمال يد واحدة للقيادة والرد على المكالمة باستعمال اليد الاخرى,استعمال اليدين للقيادة والرد على المكالمة بواسطة الـ Bluetooth,استعمال اي وسيلة من اجهزة الاتصالات,1,
292,G,Law,في حال عدم وجود لوحات تحدد السرعة تكون السرعة القصوى المسموح بها على الأتوستراد:,80 كلم/س,100 كلم/س,120 كلم/س,100 كلم/س,2,
293,G,Law,في حال عدم وجود لوحات تحدد السرعة تكون السرعة القصوى المسموح خارج المناطق المأهولة,50 كلم/س,60 كلم/س,70 كلم/س,70 كلم/س,3,
294,G,Law,في حال عدم وجود لوحات تحدد السرعة تكون السرعة القصوى المسموح داخل المناطق المأهولة,40 كلم/س,50 كلم/س,60 كلم/س,50 كلم/س,2,
295,G,Law,يمكنك الرجوع إلى الوراء على الأوتوستراد، في حال كان المفرق قريب بمسافة,10 امتار,20 متر,لا يمكنك الرجوع إلى الوراء بتاتا,لا يمكنك الرجوع إلى الوراء بتاتا,3,
296,G,Law,يوضع مثلث التحذير امام او خلف المركبة تبعاً لوجهة السير، في الطرقات العادية على مسافة,20 متر,30 متر,40 متر,30 متر,2,
297,G,Law,يوضع مثلث التحذير امام او خلف المركبة تبعاً لوجهة السير على الأتوستراد على مسافة,50 متر,60 متر,70 متر,50 متر,1,
298,G,Safety,على المشاة اعتماد الأرصفة أو الممرات أو الجسور المخصصة لهم ضمن مسافة,130,150,170,150,2,
299,G,Law,عندما تتسبب بحادث ولو مادي,يحق للسائق الهروب وعدم تحمل المسؤولية,متابعة السير,يجب على السائق أن يقف ويقوم بالاجراءات المناسبة,يجب على السائق أن يقف ويقوم بالاجراءات المناسبة,3,
300,G,Law,في حال تعطل أضواء المكابح,تحتجز السيارة,تعتبر المخالفة من الفئة الثانية,كل ما ورد أعلاه,كل ما ورد أعلاه,3,
301,G,SAFETY,يجب أن لا يتعدى عمر الإطارات,أربعة سنوات من تاريخ صنعها أو 1.6 ملم سماكة الغوما أيهما قبل,خمسة سنوات من تاريخ صنعها أو 1.6 ملم سماكة الغوما أيهما بعد,ست سنوات من تاريخ صنعها أو 1.6 ملم سماكة الغوما أيهما قبل,ست سنوات من تاريخ صنعها أو 1.6 ملم سماكة الغوما أيهما قبل,3,
302,G,Law,عندما تكون الاشارة الضوئية خضراء أثناء ازدحام السير على مستخدمي الطرق,السير ببطىء لعدم عرقلة السير,تجاوز الإشارة الضوئية الخضراء بسرعة,عدم تجاوز الإشارة الضوئية الخضراء لعدم عرقلة السير,عدم تجاوز الإشارة الضوئية الخضراء لعدم عرقلة السير,3,
303,G,Law,يمكن استعمال وكالة بيع مركبة لمدة لا تتعدى,الشهر الواحد,الثلاثة أشهر,الشهرين,الشهرين,3,
304,G,Law,الخطوط المتقطعة في وسط الطريق,يمكن السير عليها,لا يمكن اجتيازها,يمكن اجتيازها,يمكن اجتيازها,3,
305,G,Law,يحظر تجهيز كافة أنواع المركبات في مقدمتها بأضواء,من غير اللونين الأزرق أو الأصفر,من غير اللونين الأبيض أو الأزرق,من غير اللونين الأبيض أو الأصفر,من غير اللونين الأبيض أو الأصفر,3,
306,G,Law,إذا كان المعبد مقسوماً إلى مسلكين مفصولين بخطوط صفراء يجب على السائق في حالة السير العادي أن:,يستعمل المسلك الأوسط,يستعمل المسلك الأيسر,يستعمل المسلك الأيمن,يستعمل المسلك الأيمن,3,
307,G,Law,إذا كان المسلك محدداً بخط أصفر متقطع محاذ لخط أصفر متواصل,يمكن اجتياز الخطين من ناحية الخط المتواصل ويحظر الاجتياز من ناحية الخط المتقطع,يحظر اجتياز الخطين من ناحية الخط المتقطع ويحظر الاجتياز من ناحية الخط المتواصل,يمكن اجتياز الخطين من ناحية الخط المتقطع ويحظر الاجتياز من ناحية الخط المتواصل,يمكن اجتياز الخطين من ناحية الخط المتقطع ويحظر الاجتياز من ناحية الخط المتواصل,3,
308,G,Law,على السائق أن يعطى أفضلية المرور,للسيارات,للشاحنات,للمشاة,للمشاة,3,
309,G,Law,في الطرقات ذات الإنحدار القوي حيث التلاقي مستحيل تكون أفضلية المرور للسيارات,وبحسب شكل الطريق,المتجهة صعوداً,المتجهة نزولاً,المتجهة صعوداً,2,
310,G,Law,يجب المحافظة دائما على مسافة أمان داخل المدن,ثانية,مترين,ثانيتين,ثانيتين,3,
311,G,Law,داخل المستديرة تكون دائما الأفضلية,للسيارة الأتية من جهة اليسار,للسيارة الأتية من الجهة اليمني,للسيارة داخل المستديرة,للسيارة داخل المستديرة,3,
312,G,Law,يمنع التجاوز داخل الأنفاق ذات,المتعددة الاتجاهات,الاتجاهين,الاتجاه الواحد,الاتجاه الواحد,3,
313,G,Law,عند وجود أشغال عامة يجب على السائق,إضاءة انوار السيارة,السير بسرعة,تخفيف سرعة مركبته,تخفيف سرعة مركبته,3,
314,G,Law,يجب جلوس الأطفال دون سن الخامسة على,حضن الأهل,المقاعد الخلفية,المقاعد المخصصة للأطفال,المقاعد المخصصة للأطفال,3,
315,G,Law,في حال الإقتراب من تقاطع، تكون الأفضلية دائماً للسائق القادم من جهة,داخل التقاطع,اليسار,اليمين,اليمين,3,
316,G,Law,يجب على السائق خلال التجاوز عن دراجة هوائية أو دراجة آلية أن لا تقل المسافة الجانبية للتجاوز عن,65 Cm,70 Cm,75 CM,75 CM,3,
317,G,Law,يجب على السائق خلال التجاوز عن سيارة او مركبة اخرى، أن لا تقل المسافة الجانبية للتجاوز عن,45 CM,60 CM,50 CM,50 CM,3,
318,G,Law,يحظر على السائقين عرقلة سير المركبات من خلال,التوقف البطيئ,السير على الطريق دون السرعة المعمول بها,التوقف المفاجئ بدون سبب مشروع على المعبد,التوقف المفاجئ بدون سبب مشروع على المعبد,3,
319,G,Law,في حال التلاقي على طريق ذو اتجاهين يكون التراجع إلى الوراء :,للمركبات الثقيلة مقابل المركبات المنفردة,لمجموعة المركبات مقابل المركبة المنفردة,للمركبة المنفردة مقابل مجموع المركبات,للمركبة المنفردة مقابل مجموع المركبات,3,
320,G,Law,في حال كان التقاطع مؤلفاً من ثلاثة تفرعات تكون أفضلية المرور,للسير على الطريق بحذر وبروية,للسائق الأتي من جهة اليمين,للسائق المتجه على الطريق التي يشكل اثنان منهما طريقاً مستقيماً,للسائق المتجه على الطريق التي يشكل اثنان منهما طريقاً مستقيماً,3,
321,G,Law,عند وجود لافتة على اوتوستراد تشير إلى تحويلة أو إلى إتجاه نحو طريق آخر، على جميع السائقين الذين يريدون الخروج فور رؤيتهم هذه اللافتة القيام,بالإنحراف السريع إلى الوسط بحسب إتجاه التحويلة التي يرغب سلوكها لعدم عرقلة السير,بالإنحراف الفوري إلى إتجاه اليمين أو اليسار بحسب إتجاه التحويلة التي يرغب سلوكها لعدم عرقلة السير,بالإنحراف التدريجي إلى إتجاه اليمين أو اليسار بحسب إتجاه التحويلة التي يرغب سلوكها,بالإنحراف التدريجي إلى إتجاه اليمين أو اليسار بحسب إتجاه التحويلة التي يرغب سلوكها,3,
322,G,Law,يتوجب استعمال حزام الأمان لمستعملي المقاعد,المقاعد الأمامية والخلفية على الأوتوسترادات في جميع أنواع المركبات,المقاعد الأمامية فقط في جميع أنواع المركبات,المقاعد الأمامية والخلفية في جميع أنواع المركبات على جميع الطرقات,المقاعد الأمامية والخلفية في جميع أنواع المركبات على جميع الطرقات,3,
323,G,Law,اذا كانت يد رجل الأمن مرفوعة عامودياً,تعني هذه الإشارة أبطىء السرعة,تعني هذه الإشارة انتباه هناك سير متوقف,تعني هذه الإشارة (حذار قف لكل مستخدمي الطريق),تعني هذه الإشارة (حذار قف لكل مستخدمي الطريق),3,
324,G,Law,اذا كانت يدا رجل الأمن ممدودتين أفقياً,تعني هذه الإشارة (تمهل) لكل مستخدمي الطريق القادمين من إتجاهات تتقاطع مع إتجاهات اليد أو اليدين الممدودتي,تعني هذه الإشارة (افساح المجال لكل مستخدمي الطريق القادمين من إتجاهات تتقاطع مع إتجاهات اليد أو اليدين الممدودتين),تعني هذه الإشارة التوقف لكل مستخدمي الطريق القادمين من إتجاهات تتقاطع مع إتجاهات اليد أو اليدين الممدودتين,تعني هذه الإشارة التوقف لكل مستخدمي الطريق القادمين من إتجاهات تتقاطع مع إتجاهات اليد أو اليدين الممدودتين,3,
325,G,Law,يجب أن تزود كل مركبة,بلوحة تسجيل من الخلف,بلوحتي تسجيل تحملان رقم تسجيل المركبة في الأمام أو الخلف,بلوحتي التسجيل تحملان رقم تسجيل المركبة في الأمام والخلف,بلوحتي التسجيل تحملان رقم تسجيل المركبة في الأمام والخلف,3,
326,G,Law,على السائق تجديد رخصة السوق الخصوصية حتى سن الـ ٥٠ كل :,20 سنة,5 سنوات,10 سنوات,10 سنوات,3,
327,G,Law,يحظر استعمال المنبهات الصوتية إلا في الحالات الآتية:,التنبيه السائقين الآخرين بوجوب التحرك بسرعة,التفادي زحمة السير الخانقة,اعطاء مستخدمي الطريق الآخرين التنبيهات الضرورية التفادي وقوع الحوادث,اعطاء مستخدمي الطريق الآخرين التنبيهات الضرورية التفادي وقوع الحوادث,3,
328,G,Law,في حال عدم وجود لافتات أو علامات النزول من السيارة,عليه النزول أو الصعود من الجهة التي يراها مناسبة وأسهل لحركته,عليه النزول أو الصعود من الجهة اليسرى لوجهته,عليه النزول أو الصعود من الجهة اليمنى لوجهته,عليه النزول أو الصعود من الجهة اليمنى لوجهته,3,
329,G,Law,اذا قام السائق بإنزال الذراع واصعادها إلى جانب المركبة تعنى:,السيارة معطلة,الإتحاه إلى اليسار,تخفيف السرعة والتوقف,تخفيف السرعة والتوقف,3,
330,G,Law,اذا قام السائق بمد الذراع بشكل مستقيم أفقياً تعني,الاتجاه للوراء,إشارة للسيارات بان السائق يخفف السرعة,الإتجاه لليسار,الإتجاه لليسار,3,
331,G,Law,اذا قام السائق برفع الذراع عامودياً تعني,التوقف,الاتجاه إلى اليسار,الإتجاه إلى اليمين,الإتجاه إلى اليمين,3,
332,G,Law,يُسمح بعبور الإشارة الحمراء للمركبات المتجهة يميناً شريطة,السير بسرعة,لا يسمح للسيارات المتجهة إلى اليمين بعبور الاشارة الحمراء,التوقف عند الإشارة ومن ثم تأمين العبور دون تعريض المشاة وحركات السير الأخرى الأي خطر,التوقف عند الإشارة ومن ثم تأمين العبور دون تعريض المشاة وحركات السير الأخرى الأي خطر,3,
333,G,Law,عند وجود خطوط طويلة متواصلة,يسمح اجتيازها لكن شرط الانتقال بسرعة,يسمح إجتيازها إلى المسلك أو المسرب المجاور بحذر بعد تأمين الطريق,ممنوع إجتيازها إلى المسلك أو المسرب المجاور,ممنوع إجتيازها إلى المسلك أو المسرب المجاور,3,
334,G,Law,يحظر وضع الأطفال بالمقاعد الأمامية دون عمر,10 سنوات,12 سنة,8 سنوات,10 سنوات,1,
335,G,Law,يحظر على أي كان رمي أي شيء من السيارة لأنها:,تسبب بعرقلة عمل رجال الأمن,تسبب بإزالة علامات سطح الطريق,تسبب الحوادث وتسد المياه,تسبب الحوادث وتسد المياه,3,
336,G,Law,ما هو الفرق بين الخطوط البيضاء والصفراء في منتصف الطريق ؟,الخطوط الصفراء توضع فقط على طرف الطريق في حين البيضاء هي للفصل بين السيارات,الخطوط الصفراء تكون الوجهة سير واحدة والخطوط البيضاء لوجهتين معاكستين,الخطوط البيضاء تفصل السيارات المتجهة بنفس الإتجاه في حين الصفراء تفصل السيارات التي تسير بوجهتين معاكستين,الخطوط البيضاء تفصل السيارات المتجهة بنفس الإتجاه في حين الصفراء تفصل السيارات التي تسير بوجهتين معاكستين,3,
337,G,Law,يمنع الوقوف والتوقف على رؤوس المرتفعات وعلى المنعطفات والتقاطعات والمستديرات والإشارات الضوئية حتى مسافة,50 متر,30 متر,25 متر,25 متر,3,
338,G,Law,يحظر على سائق المركبة,نقل زجاجات أو عبوات كحول منتهية الصلاحية,نقل زجاجات أو عبوات كحول مقفلة من مصنعها داخل المركبة,نقل زجاجات أو عبوات كحول غير مقفلة من مصنعها داخل المركبة,نقل زجاجات أو عبوات كحول غير مقفلة من مصنعها داخل المركبة,3,
339,G,Law,على المركبات التوقف أو الوقوف,على الخطوط البيضاء المخصصصة لعبور المشاة,بعد الخطوط البيضاء المخصصصة لعبور المشاة,قبل الخطوط البيضاء المخصصصة لعبور المشاة,قبل الخطوط البيضاء المخصصصة لعبور المشاة,3,
340,G,Law,يحظر على سائق المركبة,تجاوز الخطوط المتقطعة البيضاء,السير بين الخطوط البيضاء,السير على الخطوط البيضاء,السير على الخطوط البيضاء,3,